nome,lon,lat,ra
CED AGROURBANO IPE RIACHO FUNDO,-48.01506336560538,-15.947284854408945,RIACHO FUNDO II
CEI DO RIACHO FUNDO II,-48.050958285087866,-15.895941005420648,RIACHO FUNDO II
EC 01 DO RIACHO FUNDO II,-48.04623738350958,-15.91505336505878,RIACHO FUNDO II
EC 02 DO RIACHO FUNDO II,-48.04979933549921,-15.89660467663424,RIACHO FUNDO II
EC AGROVILA II,-48.03472594825622,-15.939349671580247,RIACHO FUNDO II
JI 01 DO RIACHO FUNDO II,-48.04454864765926,-15.902271743724842,RIACHO FUNDO II
EC GUARIROBA,-48.1574467277872,-15.872312963784854,SAMAMBAIA
CAIC AYRTON SENNA,-48.11240946909899,-15.889830210497687,SAMAMBAIA
CAIC HELENA REIS,-48.105545971750246,-15.877370404579013,SAMAMBAIA
CED 123 DE SAMAMBAIA,-48.12280030125149,-15.893871193623468,SAMAMBAIA
CEE 01 DE SAMAMBAIA,-48.09401502089902,-15.884732763354405,SAMAMBAIA
CEF 120 DE SAMAMBAIA,-48.059382380050735,-15.869652318780803,SAMAMBAIA
CEF 312 DE SAMAMBAIA,-48.068768510703286,-15.876553826904903,SAMAMBAIA
CEF 404 DE SAMAMBAIA,-48.08422809856067,-15.866692853292541,SAMAMBAIA
CEF 411 DE SAMAMBAIA,-48.110173408878914,-15.877699036247414,SAMAMBAIA
CEF 412 DE SAMAMBAIA,-48.0748081995728,-15.856375722953349,SAMAMBAIA
CEF 427 DE SAMAMBAIA,-48.138700776854236,-15.892392369624979,SAMAMBAIA
CEF 504 DE SAMAMBAIA,-48.07816809562225,-15.882292116888737,SAMAMBAIA
CEF 507 DE SAMAMBAIA,-48.09766074043426,-15.890676372785915,SAMAMBAIA
CEF 519 DE SAMAMBAIA,-48.11540822267638,-15.89704043196658,SAMAMBAIA
CED 619 DE SAMAMBAIA,-48.12218960257483,-15.879282971311495,SAMAMBAIA
CED MYRIAM ERVILHA,-48.24200930840427,-15.940605092061382,SAMAMBAIA
CEI 307 DE SAMAMBAIA,-48.099137015844356,-15.885459259256637,SAMAMBAIA
CEM 304 DE SAMAMBAIA,-48.07904994185098,-15.879134129525914,SAMAMBAIA
CEM 414 DE SAMAMBAIA,-48.07222963250286,-15.859116873144375,SAMAMBAIA
EC 108 DE SAMAMBAIA,-48.07482054430018,-15.872698789079397,SAMAMBAIA
EC 111 DE SAMAMBAIA,-48.10549481557907,-15.88576293298627,SAMAMBAIA
EC 121 DE SAMAMBAIA,-48.12024316559242,-15.89257572443264,SAMAMBAIA
EC 303 DE SAMAMBAIA,-48.094249093820636,-15.882116063695324,SAMAMBAIA
EC 317 DE SAMAMBAIA,-48.11093923334469,-15.891224173515809,SAMAMBAIA
EC 318 DE SAMAMBAIA,-48.06297274643943,-15.875334116133958,SAMAMBAIA
EC 325 DE SAMAMBAIA,-48.12297459216818,-15.897226144028103,SAMAMBAIA
EC 403 DE SAMAMBAIA,-48.09759587989004,-15.873188534585134,SAMAMBAIA
CEF 407 DE SAMAMBAIA,-48.10343018422166,-15.875262367118486,SAMAMBAIA
EC 410 DE SAMAMBAIA,-48.07993310453966,-15.858719261179047,SAMAMBAIA
EC 415 DE SAMAMBAIA,-48.11666928439376,-15.8795474494028,SAMAMBAIA
EC 419 DE SAMAMBAIA,-48.11972722274674,-15.885215964895655,SAMAMBAIA
EC 425 DE SAMAMBAIA,-48.12500709113253,-15.887547893255894,SAMAMBAIA
EC 431 DE SAMAMBAIA,-48.14405406340214,-15.895482726166474,SAMAMBAIA
EC 501 DE SAMAMBAIA,-48.08686015081549,-15.885892755453726,SAMAMBAIA
EC 510 DE SAMAMBAIA,-48.07189625680047,-15.880718277789938,SAMAMBAIA
EC 511 DE SAMAMBAIA,-48.10304755218882,-15.890450058115947,SAMAMBAIA
EC 512 DE SAMAMBAIA,-48.06794038003327,-15.878986044051512,SAMAMBAIA
EC 604 DE SAMAMBAIA,-48.087454557005266,-15.860644973458015,SAMAMBAIA
EC 614 DE SAMAMBAIA,-48.07461614110188,-15.853164711239453,SAMAMBAIA
EC 831 DE SAMAMBAIA,-48.14790035220673,-15.888066561382535,SAMAMBAIA
IFB - CAMPUS SAMAMBAIA,-48.05366185620483,-15.862867686019387,SAMAMBAIA
CAIC ALBERT SABIN,-48.028912213124826,-16.030231162591974,SANTA MARIA
CAIC SANTA MARIA,-47.99684336939304,-16.008543432164632,SANTA MARIA
CED 310 DE SANTA MARIA,-48.01641283566369,-16.023679754599854,SANTA MARIA
CED 416 DE SANTA MARIA,-47.993034325528285,-16.016004457155464,SANTA MARIA
CEE 01 DE SANTA MARIA,-48.026388733866995,-16.023278540727144,SANTA MARIA
CEF 103 DE SANTA MARIA,-48.03754338332226,-16.03677774697113,SANTA MARIA
CEF 201 DE SANTA MARIA,-48.033692815262604,-16.044214157023543,SANTA MARIA
CEF 209 DE SANTA MARIA,-48.0241163948683,-16.02166212050395,SANTA MARIA
CEF 213 DE SANTA MARIA,-48.00317500244773,-16.008165162796033,SANTA MARIA
CEF 308 DE SANTA MARIA,-48.0222802874265,-16.027315986946412,SANTA MARIA
CEF 316 DE SANTA MARIA,-47.99484974392155,-16.011429450215132,SANTA MARIA
CEF 403 DE SANTA MARIA,-48.026722905041595,-16.037844103268192,SANTA MARIA
CEF 418 DE SANTA MARIA,-47.986324578970674,-16.014342589834925,SANTA MARIA
CEI 210 DE SANTA MARIA,-48.01903932595562,-16.02187419631789,SANTA MARIA
CEI 416-516 DE SANTA MARIA,-47.99226358762417,-16.016154739262774,SANTA MARIA
CEM 404 DE SANTA MARIA,-48.02658511924947,-16.034415695123514,SANTA MARIA
CEM 417 DE SANTA MARIA,-47.991208763258285,-16.011689361566507,SANTA MARIA
EC 01 DO PORTO RICO,-48.017473635175755,-16.034863678420475,SANTA MARIA
EC 100 DE SANTA MARIA,-48.03834795435138,-16.04279706008634,SANTA MARIA
EC 116 DE SANTA MARIA,-47.99463463278642,-16.002556317240092,SANTA MARIA
EC 203 DE SANTA MARIA,-48.03373286915523,-16.037981099605446,SANTA MARIA
EC 206 DE SANTA MARIA,-48.03043696197105,-16.026455977557617,SANTA MARIA
EC 215 DE SANTA MARIA,-47.999013387852365,-16.006427992865092,SANTA MARIA
EC 218 DE SANTA MARIA,-47.98781523125519,-16.007057232533356,SANTA MARIA
JI 116 DE SANTA MARIA,-47.9958552944414,-16.002294287792342,SANTA MARIA
EC 08 DO CRUZEIRO,-47.945505177868924,-15.804138876914177,SUDOESTE/OCTOGONAL
CED 01 DA ESTRUTURAL,-47.996975466655975,-15.783072446578812,SCIA
CEF 02 DA ESTRUTURAL,-47.989601440324336,-15.786082985127464,SCIA
CEI 01 DA ESTRUTURAL,-47.994529128697096,-15.778796062445117,SCIA
EC 01 DA VILA ESTRUTURAL,-47.99779929707596,-15.781204809627548,SCIA
EC 02 DA ESTRUTURAL,-47.99852554733576,-15.782771661188486,SCIA
CED 02 DE SOBRADINHO,-47.786183017184435,-15.648619261323196,SOBRADINHO
CED 03 DE SOBRADINHO,-47.812140679493226,-15.649344505006441,SOBRADINHO
CEE 01 DE SOBRADINHO,-47.77905354633159,-15.650282965166298,SOBRADINHO
CEF 01 DE SOBRADINHO,-47.79268285029208,-15.657550397402359,SOBRADINHO
CEF 03 DE SOBRADINHO,-47.79915133716096,-15.650717794294037,SOBRADINHO
CEF 04 DE SOBRADINHO,-47.77767121156763,-15.645804251662472,SOBRADINHO
CEF 05 DE SOBRADINHO,-47.79769508657662,-15.643461968438462,SOBRADINHO
CEI 01 DE SOBRADINHO,-47.80547756058869,-15.66026650532048,SOBRADINHO
CEI 02 DE SOBRADINHO,-47.808973141001076,-15.651447208087303,SOBRADINHO
CEI 03 DE SOBRADINHO,-47.77411528795479,-15.647241066884359,SOBRADINHO
CEI 04 DE SOBRADINHO,-47.799175966007894,-15.65378688189401,SOBRADINHO
CEM 01 DE SOBRADINHO,-47.7985928336878,-15.65351386431749,SOBRADINHO
CIL DE SOBRADINHO,-47.788364877681005,-15.644472348747636,SOBRADINHO
EC 01 DE SOBRADINHO,-47.79900011159322,-15.649618869341609,SOBRADINHO
EC 04 DE SOBRADINHO,-47.77767790204239,-15.645853117940955,SOBRADINHO
EC 05 DE SOBRADINHO,-47.802154710222396,-15.64061543026156,SOBRADINHO
EC 10 DE SOBRADINHO,-47.79715485150078,-15.658878837149917,SOBRADINHO
EC 11 DE SOBRADINHO,-47.7885952282565,-15.645163243796404,SOBRADINHO
EC 12 DE SOBRADINHO,-47.80812329979462,-15.660245350509149,SOBRADINHO
EC 15 DE SOBRADINHO,-47.80924630735489,-15.652407666131678,SOBRADINHO
CED PROF CARLOS RAMOS MOTA,-47.95074131804238,-15.617725123045004,SOBRADINHO
EC MORRO DO SANSAO,-47.82345304880663,-15.61952466771772,SOBRADINHO
EC SANTA HELENA,-47.79893340943059,-15.706562573237566,SOBRADINHO
CAIC JULIA KUBITSCHEK DE OLIVEIRA,-47.82318242906589,-15.643337322358539,SOBRADINHO II
CED 04 DE SOBRADINHO,-47.826128496517136,-15.64651614666542,SOBRADINHO II
CEF 07 DE SOBRADINHO,-47.824846898311115,-15.643839077175587,SOBRADINHO II
CEF 08 DE SOBRADINHO,-47.828077065067376,-15.639350226823932,SOBRADINHO II
EC 13 DE SOBRADINHO,-47.824504744306246,-15.639717312767148,SOBRADINHO II
EC 14 DE SOBRADINHO,-47.816478946765706,-15.643762304762744,SOBRADINHO II
EC CORREGO DE SOBRADINHO,-47.7496030295465,-15.729181377459824,SOBRADINHO
CED 02 DE TAGUATINGA,-48.047612886826606,-15.841796667570417,TAGUATINGA
CED 04 DE TAGUATINGA,-48.057634095967146,-15.79551825859636,TAGUATINGA
CED 05 DE TAGUATINGA,-48.087536472797396,-15.81531588916263,TAGUATINGA
CED 06 DE TAGUATINGA,-48.078572779152125,-15.831735657410782,TAGUATINGA
CED 07 DE TAGUATINGA,-48.10039290748989,-15.804448720609829,TAGUATINGA
CEE 01 DE TAGUATINGA,-48.08576666595706,-15.816451958591422,TAGUATINGA
CEF 03 DE TAGUATINGA,-48.04869871270738,-15.840147249988735,TAGUATINGA
CEF 04 DE TAGUATINGA,-48.083114922395666,-15.82313684472529,TAGUATINGA
CEF 05 DE TAGUATINGA,-48.04651857820769,-15.859604767955346,TAGUATINGA
CEF 08 DE TAGUATINGA,-48.05847477973883,-15.817406735256325,TAGUATINGA
CEF 09 DE TAGUATINGA,-48.04966602406009,-15.842683984726614,TAGUATINGA
CEF 10 DE TAGUATINGA,-48.041228205919765,-15.856804176850234,TAGUATINGA
CEF 11 DE TAGUATINGA,-48.06321847663205,-15.808924459947436,TAGUATINGA
CEF 12 DE TAGUATINGA,-48.07269264094726,-15.803630744965576,TAGUATINGA
CEF 14 DE TAGUATINGA,-48.063624212115855,-15.81895066155925,TAGUATINGA
CEF 15 DE TAGUATINGA,-48.054712826406124,-15.834603836907224,TAGUATINGA
CEF 16 DE TAGUATINGA,-48.09089880391462,-15.825326674642424,TAGUATINGA
CEF 17 DE TAGUATINGA,-48.10249805058618,-15.796848437570722,TAGUATINGA
CEI 01 DE TAGUATINGA,-48.0452590378144,-15.855013021589258,TAGUATINGA
CEI 02 DE TAGUATINGA,-48.05748001725327,-15.800291405463044,TAGUATINGA
CEI 03 DE TAGUATINGA,-48.09812672157769,-15.806831236699253,TAGUATINGA
CEI 04 DE TAGUATINGA,-48.0577916316951,-15.82686489395222,TAGUATINGA
CEM 03 DE TAGUATINGA,-48.0396259069076,-15.859639219835058,TAGUATINGA
CEM AVE BRANCA,-48.05369309519952,-15.836376569766804,TAGUATINGA
CEM EIT,-48.05860643095492,-15.832841614976374,TAGUATINGA
CEM TAGUATINGA NORTE,-48.066167093872366,-15.819354318986619,TAGUATINGA
CIL DE TAGUATINGA,-48.058258161709006,-15.836383636320617,TAGUATINGA
EC 01 DE TAGUATINGA,-48.06212778694744,-15.835865528388442,TAGUATINGA
EC 06 DE TAGUATINGA,-48.06244767817914,-15.81997068902538,TAGUATINGA
EC 08 DE TAGUATINGA,-48.06563622509756,-15.801189352881735,TAGUATINGA
EC 10 DE TAGUATINGA,-48.04777142524357,-15.850070767759947,TAGUATINGA
EC 11 DE TAGUATINGA,-48.04376813956477,-15.856978717095021,TAGUATINGA
EC 12 DE TAGUATINGA,-48.07961203134902,-15.805867971004881,TAGUATINGA
EC 13 DE TAGUATINGA,-48.03718383520312,-15.864121724072213,TAGUATINGA
EC 15 DE TAGUATINGA,-48.05895655127151,-15.806044651314451,TAGUATINGA
EC 16 DE TAGUATINGA,-48.06008886336865,-15.796071389689008,TAGUATINGA
EC 17 DE TAGUATINGA,-48.055265235543104,-15.834576933681301,TAGUATINGA
EC 18 DE TAGUATINGA,-48.059308395843296,-15.812578026871138,TAGUATINGA
EC 19 DE TAGUATINGA,-48.05669484339412,-15.822722223176315,TAGUATINGA
ESC BILINGUE LIBRAS E PORTUGUES ESCRITO DE TAGUATINGA,-48.07666272522512,-15.802073004530545,TAGUATINGA
CEI 05 DE TAGUATINGA,-48.0812985443654,-15.81544399486384,TAGUATINGA
EC 27 DE TAGUATINGA,-48.06856238059699,-15.813381463209193,TAGUATINGA
EC 29 DE TAGUATINGA,-48.086041509488304,-15.815050480073422,TAGUATINGA
EC 39 DE TAGUATINGA,-48.06797320123169,-15.825002717116732,TAGUATINGA
EC 41 DE TAGUATINGA,-48.087807691829866,-15.824577567532648,TAGUATINGA
EC 42 DE TAGUATINGA,-48.09549214055616,-15.807363352377356,TAGUATINGA
EC 45 DE TAGUATINGA,-48.107491093568775,-15.794043342720935,TAGUATINGA
EC 46 DE TAGUATINGA,-48.091352874583805,-15.81419603666318,TAGUATINGA
CEF 21 DE TAGUATINGA,-48.094216434242846,-15.81581318649366,TAGUATINGA
CEI 06 DE TAGUATINGA,-48.089499692945864,-15.819651222712393,TAGUATINGA
EC 50 DE TAGUATINGA,-48.07513624874374,-15.831069676881643,TAGUATINGA
EC 52 DE TAGUATINGA,-48.102455380025816,-15.801145637231416,TAGUATINGA
EC 53 DE TAGUATINGA,-48.0886838540852,-15.831718706501901,TAGUATINGA
EC ARNIQUEIRA,-48.0007085386349,-15.86218778329784,TAGUATINGA
IFB - CAMPUS TAGUATINGA,-48.10242793865404,-15.793953488013406,TAGUATINGA
EC VARJAO,-47.87794126017586,-15.709282756139775,VARJAO
EC 02 DE VICENTE PIRES,-48.04902513322676,-15.800548020688078,VICENTE PIRES
EC COLONIA AGRICOLA VICENTE PIRES,-48.01464653233794,-15.813053859631367,VICENTE PIRES
CAIC ASSIS CHATEAUBRIAND,-47.64228886908022,-15.618223511969562,PLANALTINA
CED 01 DE PLANALTINA,-47.65179620372685,-15.62034178283345,PLANALTINA
CED 03 DE PLANALTINA,-47.650053688328335,-15.603260262449266,PLANALTINA
CED DONA AMERICA GUIMARAES,-47.62918466610066,-15.63983138716055,PLANALTINA
CED POMPILIO MARQUES DE SOUZA,-47.6829860363966,-15.598922023550687,PLANALTINA
CED VALE DO AMANHECER,-47.65663052004738,-15.679746295519749,PLANALTINA
CEE 01 DE PLANALTINA,-47.65363582034977,-15.620016722439996,PLANALTINA
CEF 01 DE PLANALTINA,-47.653740206478425,-15.622712899603938,PLANALTINA
CEF 02 DE PLANALTINA,-47.65708335658514,-15.621869367597142,PLANALTINA
CEF 03 DE PLANALTINA,-47.64073638928808,-15.615760836535044,PLANALTINA
CEF 04 DE PLANALTINA,-47.651830744536085,-15.62227099186782,PLANALTINA
CEF ARAPOANGA,-47.64052871101382,-15.640295209264051,PLANALTINA
CED CONDOMINIO ESTANCIA III,-47.6867278629169,-15.617591515495711,PLANALTINA
CEF JUSCELINO KUBITSCHEK,-47.688074597208,-15.601169165606288,PLANALTINA
EC MESTRE DARMAS,-47.64632869155793,-15.67244354831797,PLANALTINA
CEF NOSSA SENHORA FATIMA,-47.658192153457136,-15.603243024843769,PLANALTINA
CEM 02 DE PLANALTINA,-47.653650791410534,-15.621590298635107,PLANALTINA
CED STELLA DOS CHERUBINS GUIMARAES TROIS,-47.659679822975605,-15.630555642885986,PLANALTINA
EC 01 DE PLANALTINA,-47.65527933043033,-15.625318559721057,PLANALTINA
EC 01 DO ARAPOANGA,-47.636021947223014,-15.639515211637717,PLANALTINA
EC 02 DO ARAPOANGA,-47.632637717608866,-15.635990071704002,PLANALTINA
EC 03 DE PLANALTINA,-47.6462465042209,-15.615022375273899,PLANALTINA
EC 04 DE PLANALTINA,-47.64656800640273,-15.62119730362276,PLANALTINA
EC 05 DE PLANALTINA,-47.65412438943764,-15.631196508815835,PLANALTINA
EC 06 DE PLANALTINA,-47.646954885645506,-15.627482255797666,PLANALTINA
EC 07 DE PLANALTINA,-47.663975793566834,-15.642279042301551,PLANALTINA
CEF 08 DE PLANALTINA,-47.645578634148855,-15.621352625475163,PLANALTINA
EC 09 DE PLANALTINA,-47.64475573262362,-15.610553034773014,PLANALTINA
EC 10 DE PLANALTINA,-47.65377359150745,-15.602931477086878,PLANALTINA
EC 11 DE PLANALTINA,-47.64622839372356,-15.603529440718512,PLANALTINA
EC 13 DE PLANALTINA,-47.64252801601226,-15.603752421211274,PLANALTINA
EC 14 DE PLANALTINA,-47.63241189010058,-15.613654230777792,PLANALTINA
EC ESTANCIA DE PLANALTINA,-47.670152038112924,-15.605868421779277,PLANALTINA
EC PARANA,-47.64527652229658,-15.615103888619494,PLANALTINA
EC VALE DO SOL,-47.65139058255081,-15.654506429682042,PLANALTINA
JI CASA DE VIVENCIA,-47.65057489494616,-15.612598074093913,PLANALTINA
CAIC JUSCELINO KUBITSCHEK,-47.96283869034448,-15.877246518908882,PARK WAY
CEP - ESC TECNICA DE SAUDE DE PLANALTINA,-47.65468503643852,-15.62465135970344,PLANALTINA
IFB - CAMPUS PLANALTINA,-47.6944514027071,-15.658843576152126,PLANALTINA
CAIC UNESCO,-47.77350898799277,-15.901791725395679,SAO SEBASTIAO
EC SAO BARTOLOMEU,-47.77884167694524,-15.894070139944457,SAO SEBASTIAO
CED SAO FRANCISCO,-47.76323378860016,-15.91481828695731,SAO SEBASTIAO
CEF CERAMICA SAO PAULO,-47.77889399928355,-15.887846674473545,SAO SEBASTIAO
CEF DO BOSQUE,-47.75665929474899,-15.905234484326295,SAO SEBASTIAO
CEF MIGUEL ARCANJO,-47.78116632755922,-15.89264753699332,SAO SEBASTIAO
CED SAO BARTOLOMEU,-47.77888471811339,-15.894037597012076,SAO SEBASTIAO
CEF SAO JOSE,-47.75931506532939,-15.912849712735612,SAO SEBASTIAO
CEI 01 DE SAO SEBASTIAO,-47.77623188111801,-15.90063895894459,SAO SEBASTIAO
CEM 01 DE SAO SEBASTIAO,-47.77926877682884,-15.90169718006835,SAO SEBASTIAO
EC 104 DE SAO SEBASTIAO,-47.78255154714157,-15.89579809698442,SAO SEBASTIAO
EC 303 DE SAO SEBASTIAO,-47.78188107144709,-15.903479605203612,SAO SEBASTIAO
EC AGROVILA SAO SEBASTIAO,-47.75875168705249,-15.910757330541887,SAO SEBASTIAO
EC BELA VISTA,-47.754721434955414,-15.913457982574865,SAO SEBASTIAO
EC CERAMICA DA BENCAO,-47.769402939969616,-15.90440767502626,SAO SEBASTIAO
CEF JATAI,-47.800586177408356,-16.019599973145695,SAO SEBASTIAO
EC VILA DO BOA,-47.791130593248205,-15.877823102941823,SAO SEBASTIAO
EC VILA NOVA,-47.75935576652743,-15.913652672359826,SAO SEBASTIAO
CEF NOVA BETANIA,-47.79311215539608,-15.94978929739399,SAO SEBASTIAO
ESC AGUA VIVA,-48.20126145645919,-15.68010345600391,BRAZLANDIA
IFB - CAMPUS SAO SEBASTIAO,-47.78014138444936,-15.89129330572258,SAO SEBASTIAO
ARVENSE - CED,-47.900317058932515,-15.747842609234134,BRASILIA
C CENECISTA DE EDUC PROFISSIONAL FELIPE TIAGO GOMES,-47.87683494033886,-15.76121028959825,BRASILIA
CED ADVENTISTA MILTON AFONSO,-47.904253267508665,-15.82982698258786,BRASILIA
CED CANARINHO,-47.91172626983042,-15.829150917497511,BRASILIA
CED JUCELINO KUBITSCHEK - ASA NORTE II,-47.88474932376111,-15.748766936396057,BRASILIA
CED JUSCELINO KUBITSCHEK - ASA NORTE I,-47.899404300135856,-15.751708617381496,BRASILIA
CED LEONARDO DA VINCI,-47.89788135275536,-15.800175355989246,BRASILIA
CED LEONARDO DA VINCI - UNID ASA NORTE,-47.90083194158384,-15.746574843367783,BRASILIA
CED MARIA AUXILIADORA,-47.89580622824902,-15.79932297419554,BRASILIA
CED NOSSA SENHORA DO ROSARIO,-47.910690605961065,-15.809721647549816,BRASILIA
CED RENASCENCA,-47.90205445069211,-15.748824886160682,BRASILIA
CED SAGRADA FAMILIA,-47.893406979847,-15.771601912824588,BRASILIA
CED SAO CAMILO,-47.90129060552721,-15.747647448494359,BRASILIA
CED SIGMA,-47.918276310106606,-15.813535817566983,BRASILIA
CED SIGMA - ASA NORTE,-47.8967143530601,-15.759727291785875,BRASILIA
JI CASA DO CANDANGO,-47.883571513867814,-15.811237879429873,BRASILIA
CEI - ASSEFE,-47.881561779328074,-15.821597380931669,BRASILIA
CEP SENAC - JESSE FREIRE,-47.89020955028098,-15.796175154944175,BRASILIA
CEP SENAC - PLANO PILOTO,-47.89749844942901,-15.799752764095055,BRASILIA
COC BRASILIA,-47.8863419808265,-15.81446061219805,BRASILIA
COL ALUB,-47.89018976485938,-15.771130658534881,BRASILIA
COL BATISTA DE BRASILIA,-47.903662529894106,-15.803243819402987,BRASILIA
COL COR JESU,-47.91785176803697,-15.838249284200304,BRASILIA
COL DOM BOSCO,-47.894501421840694,-15.799710807171913,BRASILIA
COL GALOIS,-47.879169511221306,-15.805894903826971,BRASILIA
COL IMACULADA CONCEICAO,-47.892378635543466,-15.820261959332408,BRASILIA
COL LA SALLE BRASILIA,-47.9057383133834,-15.807072596278708,BRASILIA
COL LE PETIT GALOIS,-47.911360118096965,-15.80891100827248,BRASILIA
COL LOGOSOFICO GONZALEZ PECOTCHE,-47.88998121375958,-15.77667550263478,BRASILIA
COL MADRE CARMEN SALLES,-47.87398502512955,-15.774752486678635,BRASILIA
CEF 04 DO PARANOA,-47.77942261801106,-15.783625615403919,PARANOA
COL MARISTA DE BRASILIA - EDUC INF E ENS FUND,-47.899560194998934,-15.826108984823271,BRASILIA
COL MARISTA DE BRASILIA - ENS MEDIO,-47.91632027277116,-15.83723310895746,BRASILIA
COL MARISTA JOAO PAULO II,-47.88862065138586,-15.781902875626304,BRASILIA
COL MAURICIO SALLES DE MELLO,-47.892651174715574,-15.766987586421823,BRASILIA
COL MONTEIRO LOBATO,-47.89712618753348,-15.75009034928244,BRASILIA
COL ALUB SEDE I,-48.0464473381592,-15.842000607678605,TAGUATINGA
COL MORAES REGO,-47.90324600166242,-15.806256128119196,BRASILIA
COL NOTRE DAME,-47.92524860929626,-15.821168146566116,BRASILIA
COL PODION,-47.896684032235186,-15.754410632285417,BRASILIA
COL SAGRADO CORACAO DE MARIA,-47.89000773761059,-15.782309090503208,BRASILIA
COL SANTA DOROTEIA,-47.89936267653313,-15.758064850021473,BRASILIA
COL SANTA ROSA,-47.880164211805464,-15.807424473379719,BRASILIA
COL SERIOS,-47.89849665658499,-15.796764633427795,BRASILIA
CR E PRE-ESC FUNDACAO CABO FRIO,-47.876263363905316,-15.761979035791345,BRASILIA
CR MAT JI MEU PEQUENO MUNDO,-47.922562074081206,-15.837012779297865,BRASILIA
CR NOSSA SENHORA DA DIVINA PROVIDENCIA,-47.90101577118422,-15.821409264060796,BRASILIA
CRESCA,-47.899225811818305,-15.80141696045189,BRASILIA
EDUCANDARIO JOSE DE ALENCAR,-47.89661015848049,-15.754559754842298,BRASILIA
ESC AMERICANA DE BRASILIA,-47.88970052616906,-15.817569179937783,BRASILIA
ESC ANJO DA GUARDA,-47.9010712420176,-15.751892964113528,BRASILIA
ESC CANADENSE DE BRASILIA,-47.914977030296996,-15.796155347503571,BRASILIA
ESC CANARINHO AMARELO,-47.880794871559395,-15.76115522509384,BRASILIA
CEI 203 DE SANTA MARIA,-48.03347968295265,-16.037269082603643,SANTA MARIA
ESC CANARINHO - ASA SUL,-47.911825960348715,-15.829218272119832,BRASILIA
ESC CENECISTA DE BRASILIA,-47.8760613915458,-15.760497242837728,BRASILIA
ESC CETEB DE JOVENS E ADULTOS,-47.884123807915955,-15.811670256451526,BRASILIA
ESC DNA,-47.877671588034346,-15.77439105954516,BRASILIA
ESC FRANCISCANA NOSSA SRA DE FATIMA,-47.9066249834139,-15.8061797081649,BRASILIA
ESC FUND ALVACIR VITE ROSSI,-47.89367899935103,-15.75901571733128,BRASILIA
ESC GOLFINHO DOURADO,-47.89544107782587,-15.738609387849051,BRASILIA
SIBIPIRUNA -ESC INF,-47.89913242220627,-15.74385199938974,BRASILIA
ESC INTERNACIONAL BRASIL-SUICA,-47.902819700877345,-15.802034992149736,BRASILIA
ESC MARIA MONTESSORI - EF,-47.922498264984384,-15.814721114006133,BRASILIA
ESC MOARA,-47.889382385225915,-15.779629116250451,BRASILIA
ESC NACIONAL DE ACUPUNTURA,-47.89049188026657,-15.81353203411912,BRASILIA
ESC PAROQUIAL SANTO ANTONIO,-47.91698898354026,-15.813380093873706,BRASILIA
ESC PEDACINHO DO CEU - ASA NORTE,-47.887415955686826,-15.763177616701784,BRASILIA
ESC SAGRADA FAMILIA MENINO DEUS,-47.9013979905435,-15.744801373100259,BRASILIA
ESC TECNICA BRASILIENSE DE PROTESE DENTARIA,-47.90313490871995,-15.828026719070474,BRASILIA
ESC URSINHO FELIZ,-47.91597910936006,-15.82373653406532,BRASILIA
INST MONTE HOREBE ASA SUL,-47.92541710967947,-15.821502293853957,BRASILIA
INST TECNICO DE EDUC DE BRASILIA - ASA SUL,-47.89612207755651,-15.799652037481264,BRASILIA
MONTESSORIANA ESC INF,-47.9267960675899,-15.831526383416563,BRASILIA
SIGMA L2 NORTE,-47.87434207998271,-15.769056791120214,BRASILIA
C DE EDUC INTEGRADA PILARES,-48.02806650559331,-15.86946055024137,AGUAS CLARAS
CASINHA DE ANJO,-47.99609395700356,-15.856752727015808,AGUAS CLARAS
CED LEONARDO DA VINCI - UNIDADE TAGUATINGA,-48.04064908942571,-15.846982002192153,AGUAS CLARAS
CED SIGMA AGUAS CLARAS,-48.019127819827254,-15.838359621762109,AGUAS CLARAS
COL ARABERI,-48.04060089298865,-15.850591066658293,AGUAS CLARAS
COL CDA,-47.997269225532136,-15.856693743314553,AGUAS CLARAS
COL CECCO,-48.02541684236247,-15.864947646947677,AGUAS CLARAS
ESC ATUAL,-48.0179154712748,-15.840945311258231,AGUAS CLARAS
ESC EDUC ARTE,-48.0264847286359,-15.861082523367381,AGUAS CLARAS
ESC ESTRELA GUIA,-48.02517310001877,-15.863395683002008,AGUAS CLARAS
ESC LA SALLE,-48.013924654083,-15.82697990957919,AGUAS CLARAS
INST ESPIRITA DE EDUC,-48.032065280607334,-15.835911558950663,AGUAS CLARAS
IPE CED,-48.008713540710296,-15.83706761457218,AGUAS CLARAS
ACAO SOCIAL PAULA FRASSINETTI,-47.900628420111104,-15.75844208484607,BRASILIA
ASSOC DE MAES PAIS AMIGOS REABILITADORES DE EXCEP - AMPARE,-47.893182037039125,-15.762450419774659,BRASILIA
ASSOC DE PAIS E AMIGOS DOS EXCEP - APAE-DF,-47.897443319072615,-15.75564147276551,BRASILIA
C ESPECIALIZADO PESTALOZZI,-47.8547432697715,-15.80847046516519,BRASILIA
CASA DA CRIANCA PAO DE SANTO ANTONIO,-47.905071822130324,-15.805803414709116,BRASILIA
CED DA AUDICAO E LINGUAGEM LUDOVICO PAVONI,-47.895456929981165,-15.763042531964658,BRASILIA
CR CRUZ DE MALTA NOSSA SENHORA DO FILERMO,-47.89684910556458,-15.766039117620364,BRASILIA
CR CRUZ DE MALTA SAO JOAO BATISTA DE JERUSALEM,-47.889482725624234,-15.767324400912873,BRASILIA
CR PIONEIRA DA VILA PLANALTO,-47.84965138899246,-15.796529796214696,BRASILIA
ESC INF CASA DE ISMAEL,-47.899901461775166,-15.749145924980246,BRASILIA
ESC INF CICERO PEREIRA,-47.90253446998115,-15.744063607532082,BRASILIA
COL ATHOS,-48.202169436709944,-15.67306992902133,BRAZLANDIA
COL IMPACTO,-48.19915614781356,-15.666803583006907,BRAZLANDIA
JI MENINO JESUS,-48.19236471712042,-15.67253119549337,BRAZLANDIA
ESC PONTA DE LAPIS,-47.95387138118433,-15.857978156095005,CANDANGOLANDIA
ESCOLINHA BAMBI,-47.953695677750765,-15.858270761789345,CANDANGOLANDIA
CR CANTINHO DE VOCE,-47.94993269731326,-15.856260584617464,CANDANGOLANDIA
CE DA MONICA,-48.12847812412838,-15.815501499815683,CEILANDIA
CE EBENEZER,-48.10461963695475,-15.825512333101782,CEILANDIA
CE INTERATIVO,-48.127825053266484,-15.817918876347536,CEILANDIA
CED INTERAGINDO,-48.1610248564982,-15.802029791539598,CEILANDIA
CED SANTA MARIA ROSA MOLAS - CEMAR,-48.104140656493286,-15.804205490877937,CEILANDIA
COL CRESCER,-48.116759292350764,-15.82514303622557,CEILANDIA
COL ALUB - SEDE V,-48.10013231316624,-15.831102724220619,CEILANDIA
COL EVOLUTIVO,-48.143691762418534,-15.807430388816687,CEILANDIA
COL GAMALIEL,-48.122844548896055,-15.838041983695023,CEILANDIA
COL MAPA,-48.135504437990676,-15.809137524863491,CEILANDIA
COL MARIANO,-48.10117650122177,-15.809807116010806,CEILANDIA
COL MEGA,-48.10902352744995,-15.838904765208813,CEILANDIA
COL PADRAO,-48.12020190563165,-15.79032155250244,CEILANDIA
COL TIRADENTES,-48.11092498577936,-15.84458232835334,CEILANDIA
COL WGS,-48.138849302656155,-15.806018945043414,CEILANDIA
DINAMICO CED,-48.128035807394554,-15.812061563734142,CEILANDIA
EDUC DO SERVICO SOCIAL DO COMERCIO - EDUSESC CEILANDIA,-48.122164010113934,-15.820277930342883,CEILANDIA
EICCA,-48.12113353249407,-15.842751672676517,CEILANDIA
EIN - ESC ISAAC NEWTON,-48.126199713407345,-15.793627646949634,CEILANDIA
ESC ALENCAR,-48.11324598145635,-15.846073802829554,CEILANDIA
ESC AQUARELA NOVO HORIZONTE,-48.12155458716451,-15.852389425337552,CEILANDIA
ESC ASA DELTA,-48.10056760490927,-15.812547221014341,CEILANDIA
ESC CRIANDO E RECRIANDO,-48.12999142580767,-15.795892743566919,CEILANDIA
ESC DE EDUC BASICA E PROFISSIONAL FUND BRADESCO,-48.118688144074554,-15.826639969371438,CEILANDIA
ESC DE EDUC INF CINDERELA,-48.105662899900715,-15.824938978911261,CEILANDIA
ESC DANNY,-48.11827449379848,-15.841420774484558,CEILANDIA
ESC DE EDUC INF E ENS FUND TIA LUCINHA,-48.12307070859566,-15.808405612670557,CEILANDIA
ESC DIVINO MESTRE,-48.13948711716432,-15.807493349423979,CEILANDIA
ESC DO ENS BASICO PINGUE PONGUE,-48.14074352324648,-15.804706195273784,CEILANDIA
ESC E BRINQUEDOTECA INCLUIR,-48.12260539817272,-15.815105932655722,CEILANDIA
ESC E RECREACAO GENTE QUE CRESCE,-48.14902244842709,-15.80783293576444,CEILANDIA
ESC FLORA ENCANTADA,-48.14007589554325,-15.78555527916851,CEILANDIA
ESC INF RAIO DE SOL,-48.1216466673167,-15.787793798957116,CEILANDIA
ESC MAGISTRAL,-48.1300702252998,-15.809104393369896,CEILANDIA
INEB,-48.06571856783543,-16.012732943798582,GAMA
ESC MUNDO INOCENTE,-48.13813947161239,-15.783218513591336,CEILANDIA
ESC PARAISO ENCANTADO,-48.13408939459011,-15.805828041956069,CEILANDIA
ESC PEQUENO ENCANTO,-48.137305116860766,-15.796728605139897,CEILANDIA
ESCOLINHA CASA DA ALEGRIA,-48.12976309814823,-15.816704661316054,CEILANDIA
ESCOLINHA DO LELEU,-48.11828297437431,-15.820031132380201,CEILANDIA
IESMA,-48.13646535127122,-15.802533442090517,CEILANDIA
INSEF,-48.127741396930084,-15.791205726387776,CEILANDIA
INST SOUSA ARANTES,-48.11776553313285,-15.849692626822414,CEILANDIA
INSTEI - CE,-48.10860723464315,-15.810848844518954,CEILANDIA
ASSOC DE PAIS E AMIGOS EXCEP E DEFICIENTES - APAED,-48.09308614794595,-15.823823717907167,CEILANDIA
CEI 210 DE SAMAMBAIA,-48.07731478870588,-15.863144925604203,SAMAMBAIA
C COMUNITARIO SAO LUCAS,-48.090555436587536,-15.830483627675955,CEILANDIA
C SOCIAL LUTERANO CANTINHO DO GIRASSOL,-48.10343740865607,-15.805079695855312,CEILANDIA
CR FREDERICO OZANAM,-48.0912555128488,-15.828628708949982,CEILANDIA
ESC C COMUNITARIO DA CRIANCA,-48.12787036836966,-15.81232067107024,CEILANDIA
CED CIMAN,-47.94184327163409,-15.799724714530063,CRUZEIRO
CED SARON,-47.93227913507893,-15.787033002639307,CRUZEIRO
COL SOMA,-47.939272545129654,-15.793232654529964,CRUZEIRO
ESC BEM-ME-QUER,-47.93415677789725,-15.784725766531732,CRUZEIRO
ESC MAE DA DIVINA PROVIDENCIA,-47.94042930813107,-15.800720542518588,CRUZEIRO
ESC MUNDO MAGICO,-47.94004284789033,-15.799787441885748,CRUZEIRO
MAT CONSTRUCAO DO SABER,-47.935456622718036,-15.780623529381336,CRUZEIRO
ESC MAT E JI BARQUINHO AMARELO,-47.93149397221957,-15.782007017118167,CRUZEIRO
CR SAO VICENTE DE PAULO,-47.93667837421538,-15.785995870741955,CRUZEIRO
CE DO SESI - DF GAMA,-48.064506055542616,-16.01210285539993,GAMA
CE MAURICIO DE NASSAU,-48.07667349995102,-16.020233696035863,GAMA
CEAC,-48.05934241073447,-16.015951009775893,GAMA
COL ALUB SEDE III,-48.061408782594214,-16.019313788327118,GAMA
CED DA CRIANCA,-48.05465178026093,-16.02641829337298,GAMA
CED EBENEZER,-48.065916865682595,-16.032134272714487,GAMA
CED JUSCELINO KUBITSCHEK - GAMA,-48.06130901861928,-16.01730203274204,GAMA
CFP ROSERVARTE ALVES DE SOUSA - SENAI GAMA,-48.07480733081537,-16.026808437123442,GAMA
COL DOM CESAR,-48.06264323322805,-16.01524921402074,GAMA
COL OBJETIVO GAMA,-48.05583394533615,-16.018441529525386,GAMA
COL VITORIA,-48.060660710083056,-16.015616426051686,GAMA
EDUCACIONAL COMPACT GAMA,-48.059326692091716,-16.01501188703435,GAMA
EDUC DO SERVICO SOCIAL DO COMERCIO - EDUSESC GAMA,-48.05954815463513,-16.010338282990094,GAMA
ESC ADVENTISTA DO GAMA,-48.06883522203912,-16.014563936134003,GAMA
ESC BARQUINHO DE PAPEL,-48.067293293578935,-16.028580386302572,GAMA
ESC CLUBE DA CRIANCA,-48.07377856408158,-16.021835633969435,GAMA
ESC CRIANCA ESPERANCA,-48.052462579113026,-16.021984503743724,GAMA
ESC PRESBITERIANA DO GAMA,-48.06112149670286,-16.021207610788107,GAMA
ESCOLINHA BRINCANDO E CONSTRUINDO O FUTURO,-48.068003662050096,-16.029640503117413,GAMA
INST DE SERVICO SOCIAL PAX,-48.06129106420125,-16.020379491632106,GAMA
C DE CONVIVENCIA E EDUC INF NOSSA SENHORA DO CARMO,-48.047602929854506,-16.013324293428635,GAMA
C DE CONVIVENCIA EDUCACIONAL INF DIVINO ESPIRITO SANTO,-48.081742361789374,-16.00626302246213,GAMA
C INTEGRAL OFICINA DO SABER,-47.98838764331109,-15.815876491779004,GUARA
CE CASINHA FELIZ,-47.97610394887356,-15.843242083497934,GUARA
CE ESPACO DO SABER,-47.98764223024077,-15.822963405004076,GUARA
CE PIAGET,-47.9832718221991,-15.821094460486867,GUARA
COL ALUB - SEDE VI - ENS FUND,-47.985709297171745,-15.814812456281045,GUARA
COL ALUB - SEDE VI - ENS MEDIO,-47.98561939958101,-15.8150430566699,GUARA
CED JUSCELINO KUBITSCHEK - GUARA,-47.989982684267666,-15.812030084346665,GUARA
CED PROJECAO GUARA,-47.983698056676936,-15.819370493659386,GUARA
COL EVANGELICO ARTUR XAVIER DE PAULA,-47.97805309104544,-15.82276522521225,GUARA
COL GUARAZINHO,-47.99103522897777,-15.818116208187734,GUARA
COL MAXWELL,-47.97828276256943,-15.822900591822473,BRASILIA
COL PROGRESSAO,-47.99213038040512,-15.81910074335936,GUARA
COL ROGACIONISTA,-47.971221793272285,-15.846851427072552,GUARA
CR COMUNITARIA DA QE 38,-47.968803677923404,-15.847300482353765,GUARA
ESC ADVENTISTA DO GUARA,-47.97520979473017,-15.832157944363228,GUARA
ESC CANTINHO CRISTAO,-47.97979015091225,-15.845113252559601,GUARA
ESC DE EDUC INF CASTELINHO PIM,-47.97168578035966,-15.836596571518719,GUARA
EC CATINGUEIRO,-47.93540336710135,-15.563528039195896,FERCAL
ESC MATER DEI,-47.98853247589989,-15.813299791708006,GUARA
ESC MUNDO MAGICO DO SABER,-47.984743453647916,-15.837327955291851,GUARA
ESC PADRE DI FRANCIA,-47.96689512458391,-15.84672750983645,GUARA
ESC PEDACINHO DO CEU,-47.980386901993185,-15.828619314331597,GUARA
ESPACO CRIANCA,-47.986927031752515,-15.82594022390417,GUARA
JI A PANTERINHA,-47.97898313927707,-15.84368963457263,GUARA
JOAO E MARIA,-47.979761222153016,-15.825666156616675,GUARA
TIA ELZA MAT E JI,-47.970941357234764,-15.839213400905036,GUARA
TIO PATINHAS ESC DE EDUC INF,-47.97864591159987,-15.834279236583146,GUARA
CR SORRISO DE MARIA,-47.965909660315305,-15.839187799203227,GUARA
CR TIA JOANA DO LUCIO COSTA,-47.98627385423327,-15.809880987764727,GUARA
COL DO SOL,-47.8816871115298,-15.71476867476037,LAGO NORTE
ESC DE PAISAGISMO DE BRASILIA,-47.88142975387622,-15.719744775403486,LAGO NORTE
INST NATURAL DE DESENV INF - INDI,-47.86282207197584,-15.729655008639094,LAGO NORTE
SEMPRE MAT E PRE-ESC,-47.84914731307206,-15.744507589388538,LAGO NORTE
CED PARQUE ENCANTADO,-47.870041825906284,-15.833706303180012,LAGO SUL
COL DOM JOSE,-47.80714355192525,-15.824141993711951,LAGO SUL
COL MARIA IMACULADA,-47.898626641534676,-15.852847331435566,LAGO SUL
COL NOSSA SENHORA DO PERPETUO SOCORRO,-47.89619935326077,-15.843018907321493,LAGO SUL
COL PRESBITERIANO MACKENZIE - BRASILIA,-47.89528451773375,-15.851724524220145,LAGO SUL
CRIARTE CE,-47.88487115250571,-15.846492148718765,LAGO SUL
ESC AFFINITY ARTS,-47.87540882599757,-15.831859621171386,LAGO SUL
ESC CANTINHO MAGICO,-47.812039876748564,-15.828470138151195,LAGO SUL
ESC DAS NACOES,-47.85068454014153,-15.854166346669414,LAGO SUL
ESC DE EDUC INF PATER HOMINIS,-47.836595619814766,-15.83656837972948,LAGO SUL
CED SIGMA - LAGO SUL,-47.88024296733396,-15.842056673158146,LAGO SUL
CASA DO PEQUENO POLEGAR,-47.889745839004924,-15.84976034559555,LAGO SUL
INST EDUCACIONAL SAO JUDAS TADEU,-47.861273941391296,-15.862922281568496,LAGO SUL
CED ORIGEM,-47.976171325140406,-15.87560020632772,NUCLEO BANDEIRANTE
COL EDUCAR,-47.963300045817235,-15.866216989411948,NUCLEO BANDEIRANTE
COL LA SALLE,-47.96713073318462,-15.869136623728847,NUCLEO BANDEIRANTE
CR NUCLEO BANDEIRANTE,-47.96438513210862,-15.869769187335194,NUCLEO BANDEIRANTE
ESC SALESIANA SAO DOMINGOS SAVIO,-47.970449121772596,-15.872919269424939,NUCLEO BANDEIRANTE
ESC SANTO AGOSTINHO,-47.97662954112766,-15.875384286926257,NUCLEO BANDEIRANTE
LAR EDUCANDARIO NOSSA SENHORA MONT SERRAT,-47.97605814427501,-15.875631847050352,NUCLEO BANDEIRANTE
CEF ABC,-47.780389403198605,-15.76621021967374,PARANOA
COL BARAO DO RIO BRANCO - PARANOA,-47.78292607625363,-15.76885917148547,PARANOA
COL ESPLANADA,-47.78053065462233,-15.7653154781057,PARANOA
COL GONCALVES DIAS,-47.78088307645434,-15.767202093258653,PARANOA
ESC PICA-PAU,-47.780843670930274,-15.7674868281834,PARANOA
COL ALUB - SEDE VIII,-48.06770813485687,-15.900143940266592,RECANTO DAS EMAS
ESC UNIVERSO DA CRIANCA,-48.06535975440227,-15.90124545244795,RECANTO DAS EMAS
COL CENTRO-OESTE,-48.0908935088916,-15.911810978262201,RECANTO DAS EMAS
COL CRIART,-48.06556536519509,-15.909705033207622,RECANTO DAS EMAS
COL CULTURAL,-48.06667156949751,-15.908199826395023,RECANTO DAS EMAS
COL GALILEU,-48.05752308228597,-15.916596277312852,RECANTO DAS EMAS
COL REACAO,-48.06969803468603,-15.904725281068053,RECANTO DAS EMAS
COL REACAO II,-48.05972087412374,-15.904938114008303,RECANTO DAS EMAS
COL TRIANGULO RECANTO,-48.09288495428482,-15.908286306367756,RECANTO DAS EMAS
COL UNICANTO,-48.07916251683946,-15.90658853155044,RECANTO DAS EMAS
ESC INF LAPIS NA MAO,-48.10068028611334,-15.91947503606395,RECANTO DAS EMAS
ESC JARDIM ENCANTADO,-48.0538454311173,-15.916303662714636,RECANTO DAS EMAS
COL NOVOS CAMINHOS,-48.052254464822504,-15.923557763226249,RECANTO DAS EMAS
ESC SONHO ENCANTADO,-48.062878953505724,-15.899196537321096,RECANTO DAS EMAS
C EDUCATIVO PASSIONISTA MAE DA SANTA ESPERANCA,-48.01793312109854,-15.879133441113462,RIACHO FUNDO
COL ISAAC NEWTON,-48.02105702785925,-15.880869705336647,RIACHO FUNDO
EDUCANDARIO DE MARIA,-48.02042739153669,-15.889957197176606,RIACHO FUNDO
EDUCANDARIO DE MARIA - EDUC INF,-48.02207793127133,-15.88390069863691,RIACHO FUNDO
INST EDUCACIONAL ESPACO MAGICO,-48.02115864518215,-15.880896322379655,RIACHO FUNDO
INST DE EDUC HAIDEE NEVES - IEHN,-48.013879963538514,-15.879225929516586,RIACHO FUNDO
EDUCANDARIO DE FATIMA,-48.048699723054185,-15.89795869006313,RIACHO FUNDO II
ESC ISAAC NEWTON META,-48.047097343051064,-15.90168620904594,RIACHO FUNDO II
INST NAIR VALADARES - INAV,-48.04363380029895,-15.905173872232115,RIACHO FUNDO
C DE CRIATIVIDADE INFANTO-JUVENIL - CCI,-48.09640550579265,-15.866761110198869,SAMAMBAIA
C SOCIAL E ESC MARISTA IRMAO FRANCISCO RIVAT,-48.08413664943901,-15.885309510164518,SAMAMBAIA
CE E FORMACAO INF TIO PATINHAS,-48.07565967042742,-15.872214522425727,SAMAMBAIA
CE LOGOS,-48.074853664125364,-15.88105362521689,SAMAMBAIA
CE SENSO,-48.07552229315766,-15.857979602152515,SAMAMBAIA
CED BETESDA,-48.08013114385252,-15.860815232759263,SAMAMBAIA
CED CCI SENIOR,-48.0959446487436,-15.866533112277866,SAMAMBAIA
CEUBRAS,-48.080722676123585,-15.863260020103404,SAMAMBAIA
COL ALTO NIVEL,-48.09063593213077,-15.868923682005853,SAMAMBAIA
COL ATIVO,-48.09542713457532,-15.871996394390997,SAMAMBAIA
COL CANTINHO DO SABER,-48.08070988810508,-15.86240041398793,SAMAMBAIA
COL SECULO XXI,-48.08122733804673,-15.876610709899754,SAMAMBAIA
COL TEMPO REAL,-48.05979354700039,-15.871956019003726,SAMAMBAIA
COL VITAL BRAZIL,-48.085406945283765,-15.861295243486467,SAMAMBAIA
CR LAR MAE DA DIVINA GRACA,-48.094281487027516,-15.863402057826768,SAMAMBAIA
ESC RAVELO,-48.06102106709447,-15.874003317565489,SAMAMBAIA
C INTEGRADO DE EDUC INF NOSSA SENHORA MAE DOS HOMENS,-48.12033204577178,-15.88296360580421,SAMAMBAIA
CEI AFMA,-48.07711120298095,-15.856724763237033,SAMAMBAIA
EDUCANDARIO ESPIRITA SEMENTINHA DE LUZ,-48.10080241086702,-15.883100058828386,SAMAMBAIA
CR LAR DE MARIA,-48.083655809541334,-15.85851522719048,SAMAMBAIA
CR MARIA DE NAZARE,-48.0882360502342,-15.863715036893545,SAMAMBAIA
INSTITUICAO EDUCACIONAL SANTA LUZIA,-48.07380845438337,-15.880580138657116,SAMAMBAIA
CED EXPOENTE,-48.02492907441935,-16.029437317182587,SANTA MARIA
CIP,-47.98806032733061,-16.01093285458739,SANTA MARIA
COL MARIA MAE DA PROVIDENCIA,-48.03443134519376,-16.035943546128916,SANTA MARIA
COL NOSSA SENHORA APARECIDA,-47.988431677799625,-16.00430584088926,SANTA MARIA
COL PALOMA,-48.02580833111615,-16.027005488620066,SANTA MARIA
COL SANTA MARIA,-47.9889767750161,-16.004417708032424,SANTA MARIA
ESC EVANGELICA RECANTO DO CEU,-48.02752847045641,-16.03886193527649,SANTA MARIA
ESC PASSINHOS DO SABER,-48.0234463525308,-16.022623763807662,SANTA MARIA
C DE CONVIVENCIA E EDUC INF SAGRADA FAMILIA,-48.03442955606785,-16.03549919925535,SANTA MARIA
ESC VILA DAS CRIANCAS,-48.03669088502759,-16.025967500751825,SANTA MARIA
CE CANDANGUINHO - CECAN,-47.92799420334231,-15.80036440525427,SUDOESTE/OCTOGONAL
COL CIMAN,-47.9403590380533,-15.808006659726551,SUDOESTE/OCTOGONAL
INST EDUCACIONAL DROMOS,-47.9286569866876,-15.799606417809297,SUDOESTE/OCTOGONAL
CE E VIVENCIA INF VOVO ANA-CEVIVA,-47.84668690541126,-15.671908639719137,SOBRADINHO
CE MENINO MALUQUINHO,-47.775772967037554,-15.640070807240994,SOBRADINHO
CE SANTA RITA DE CASSIA,-47.80268901273811,-15.642722777584305,SOBRADINHO
CED ARCO IRIS - CEAI,-47.79970151051147,-15.648563425109293,SOBRADINHO
CED LUMNI,-47.79339958337846,-15.65596955849771,SOBRADINHO
CED SETE ESTRELAS,-47.782573672072836,-15.650326645874868,SOBRADINHO
CEP SENAC - SOBRADINHO,-47.798556360519974,-15.655355693716205,SOBRADINHO
COL ALLAN KARDEC,-47.787302135786305,-15.647695225941508,SOBRADINHO
COL LA SALLE - SOBRADINHO,-47.78181508541769,-15.651129630455447,SOBRADINHO
CR CRESCER,-47.80191952693758,-15.642851485555603,SOBRADINHO
EDUCANDARIO EURIPEDES BARSANULFO,-47.796409220625755,-15.65490441486123,SOBRADINHO
ESC BATISTA PEDRAS VIVAS,-47.797702940000704,-15.657913752198223,SOBRADINHO
ESC ROCHA FIRME,-47.80026226262381,-15.643863666820115,SOBRADINHO
INST EDUCACIONAL SALOMAO,-47.753838987752225,-15.65203104061981,SOBRADINHO
INST EDUCACIONAL STO ELIAS,-47.787672343770204,-15.645592361433215,SOBRADINHO
INST MAIA DE EDUC,-47.79537102180387,-15.64742352832764,SOBRADINHO
INST PIAGETIANO DE EDUC - IPE,-47.82973772866405,-15.63439642989796,SOBRADINHO
INST SAO JOSE,-47.79727276187579,-15.654568397652659,SOBRADINHO
JI TINDOLELE,-47.82408736513049,-15.640418135251132,SOBRADINHO
MONT BLANC CED,-47.78681959810338,-15.645067578671627,SOBRADINHO
MONT BLANC INST DE ENSINO,-47.78677962597462,-15.6451102263341,SOBRADINHO
CENEL,-47.84451874491334,-15.636972858550301,SOBRADINHO II
ESC ANJO GABRIEL,-47.82407321768027,-15.648041723723606,SOBRADINHO II
ESC JARDIM DO EDEN,-47.84032541281295,-15.637942203428356,SOBRADINHO II
INST TECNICO DE EDUC DE BRASILIA - SOBRADINHO II,-47.8176826436749,-15.642683292692098,SOBRADINHO II
CEI 01 DO RIACHO FUNDO I,-48.02150040024982,-15.879859700561992,RIACHO FUNDO
COL DJ,-48.04172584263684,-15.803294737336392,TAGUATINGA
C TECNICO EM SAUDE - CETESI,-48.05972870251756,-15.833783190395403,TAGUATINGA
CE ALBERNAZ,-48.088262741589176,-15.821272698112326,TAGUATINGA
CE ARCO IRIS ENCANTADO,-48.06591610763832,-15.805985572851712,TAGUATINGA
CE ARTE E MANHA - CENAM,-48.05740432093779,-15.84197878430555,TAGUATINGA
CE BRASIL CENTRAL,-48.06782418602738,-15.81202391181735,TAGUATINGA
CE CASTELO ENCANTADO,-48.06104476115646,-15.79869771710797,TAGUATINGA
CE DO SESI - DF TAGUATINGA,-48.07354907049997,-15.81364210318216,TAGUATINGA
CE EVANGELICO SIMONTON,-48.04054206302206,-15.859548071234666,TAGUATINGA
CE SONHO DE SER FELIZ,-48.085784956638626,-15.828096514626537,TAGUATINGA
CEAV JUNIOR,-48.054562416130466,-15.826889251019574,TAGUATINGA
CED ADVENTISTA DE TAGUATINGA,-48.05831945017899,-15.838007136288805,TAGUATINGA
CED CATOLICA DE BRASILIA,-48.03285357864447,-15.862019185391961,TAGUATINGA
CED CERTO,-48.05207310823749,-15.843392725912432,TAGUATINGA
CED OBJETIVO TAGUATINGA,-48.03647069404356,-15.858652627205545,AGUAS CLARAS
CED PROJECAO TAGUATINGA NORTE,-48.06602875720498,-15.820660103273893,TAGUATINGA
CLARETIANO- CED STELLA MARIS,-48.0568504811627,-15.831892870733734,TAGUATINGA
CEFS,-48.08683420400679,-15.827200820589251,TAGUATINGA
CEP SENAC - TAGUATINGA,-48.05766826151603,-15.796560608930863,TAGUATINGA
CFP TAGUATINGA - SENAI,-48.070001315919974,-15.82050543849111,TAGUATINGA
COBIAN,-48.08608032393744,-15.814193465311023,TAGUATINGA
COL ANCHIETA,-48.06561524229383,-15.851062786511807,TAGUATINGA
COL BERLAAR MADRE BLANDINA,-48.06411669921937,-15.839382763763611,TAGUATINGA
COL CENCS,-48.05807872662362,-15.839211261431457,TAGUATINGA
COL EDUCRIARTE,-48.05882988359925,-15.822392490298844,TAGUATINGA
COL ESPU,-48.0661438489525,-15.816719125269984,TAGUATINGA
COL EVANGELICO BOM SAMARITANO - COEBS,-48.04767215971394,-15.858588245406143,TAGUATINGA
COL EVOLUCAO,-48.06268510462812,-15.822216628758778,TAGUATINGA
COL IDEAL,-48.06341148170289,-15.801447959208861,TAGUATINGA
COL JESUS MARIA JOSE,-48.0736315336361,-15.803713020635366,TAGUATINGA
COL MARISTA CHAMPAGNAT,-48.04920797070225,-15.841764657664719,TAGUATINGA
COL PRO-FUTURO,-48.063058816784995,-15.824542954632939,TAGUATINGA
COL SANTA TEREZINHA,-48.083366698007225,-15.814079150302927,TAGUATINGA
COL TRIANGULO,-48.10943614550178,-15.795711670860806,TAGUATINGA
COL VIP,-48.083274297829696,-15.825649133555277,TAGUATINGA
COL VIVENCIAR,-48.059949304492804,-15.82964416328621,TAGUATINGA
CRESCE,-48.05676991287958,-15.84170605279293,TAGUATINGA
DINAMICO CED TAGUATINGA,-48.104366466221336,-15.792664508106476,TAGUATINGA
EDUC DO SERVICO SOCIAL DO COMERCIO - EDUSESC,-48.06265935606785,-15.81927964327355,TAGUATINGA
CEAP,-48.077641009176645,-15.828621212175852,TAGUATINGA
ESC ARTE E FANTASIA,-48.06197387954805,-15.817482798286184,TAGUATINGA
ESC CASA DE BRINQUEDOS,-48.05812591936737,-15.818740737550874,TAGUATINGA
CIESB,-48.05621728442299,-15.840358853968306,TAGUATINGA
ESC CIA DA CRIANCA,-48.06498465141854,-15.814061498488943,TAGUATINGA
ESC MONTEMINE,-48.086391855849094,-15.813323251035294,TAGUATINGA
ESC NOSSA SENHORA DE LOURDES,-48.06387243825871,-15.79672970446001,TAGUATINGA
ESC PEQUENOS BRILHANTES,-48.03895362364013,-15.860474756952673,TAGUATINGA
INST DE EDUC CRISTA,-48.08855636733836,-15.825042324111221,TAGUATINGA
CEPI IPE-ROSA,-48.07316229993128,-15.880557421675748,SAMAMBAIA
INST DE EDUC GUINESS,-48.05409769299326,-15.83390593592985,TAGUATINGA
INST TECNICO EDUCACIONAL MADRE TERESA,-48.08028855823788,-15.806711258908859,TAGUATINGA
LS ESC TECNICA,-48.04721674569117,-15.84062513362426,TAGUATINGA
PRO-EDUCAR INST TECNICO EDUCACIONAL,-48.06113678529755,-15.821082786165155,TAGUATINGA
RECANTO INF CALAZANS,-48.07738755237394,-15.82250503563187,TAGUATINGA
CASA DO CAMINHO,-48.08486259574479,-15.814171203078404,TAGUATINGA
CR CANTINHO DA PAZ,-48.03497212552568,-15.865547439835575,TAGUATINGA
CEI SONHO DE CRIANCA - CEISC,-48.06633954448253,-15.801748774640384,TAGUATINGA
ESCOLINHA BEIJA-FLOR,-48.06500175165088,-15.819863131895225,TAGUATINGA
CCDI,-48.02595338268755,-15.809066345972488,VICENTE PIRES
CED VICENTE PIRES,-48.02006207659366,-15.809640092249868,VICENTE PIRES
ESC MAGIA DE CRIANCA,-48.0174223997408,-15.796875897767702,VICENTE PIRES
INST SAGARANA,-48.041697311797584,-15.808437724560495,VICENTE PIRES
INSTEI - CE VICENTE PIRES,-48.04297811915262,-15.805424889028714,VICENTE PIRES
C OLIMPICO DE ENSINO,-47.656837721335336,-15.620930303027578,PLANALTINA
CED DELTA,-47.64583383457044,-15.613547837235517,PLANALTINA
CEM DELTA,-47.646107314336625,-15.613528767268576,PLANALTINA
EC DO SMU,-47.93100735867805,-15.77481951464604,BRASILIA
ESC ADVENTISTA DE PLANALTINA,-47.65081517581937,-15.620093558058267,PLANALTINA
INST EDUCACIONAL DIVINO CORACAO DE JESUS,-47.6624374963708,-15.623049922042789,PLANALTINA
INST GLOBAL DE EDUC,-47.65757867482471,-15.615402557549599,PLANALTINA
COL OMEGA,-47.6563372364973,-15.626867771865713,PLANALTINA
INST SAO VICENTE DE PAULO,-47.66032739751634,-15.624270629759387,PLANALTINA
COL PASSOS DO SABER,-47.646781056923004,-15.624594231208638,PLANALTINA
COL ESPACO CRIATIVO,-48.00384219128705,-15.83944944027832,PARK WAY
CED SANTOS DUMONT - CESAN,-47.78122092240378,-15.901337277310102,SAO SEBASTIAO
CED TRES CORACOES,-47.780901766337955,-15.894136832483325,SAO SEBASTIAO
CIEIC,-47.78653407359791,-15.866792279308848,SAO SEBASTIAO
ESC CEPROM,-47.77195474778462,-15.899961384977814,SAO SEBASTIAO
ESC MASTER,-47.76228489434833,-15.908341032562078,SAO SEBASTIAO
ESC MASTER II,-47.76197958433478,-15.907651229692972,SAO SEBASTIAO
OASIS - CR BEM ME QUER,-47.77080159278105,-15.900945819361409,SAO SEBASTIAO
CED HORACINA CATTA PRETA,-47.84125658326969,-15.745747287383143,LAGO NORTE
EC CORREGO DO ARROZAL,-47.734911725619746,-15.64542048465348,PLANALTINA
EC LAJES DA JIBOIA,-48.267447720447024,-15.91764452578339,CEILANDIA
EC BROCHADO DA ROCHA,-47.712514136768846,-15.621137235373924,SOBRADINHO
EC 15 DE PLANALTINA,-47.685394636674985,-15.618656983043827,PLANALTINA
EC PEDRA FUNDAMENTAL,-47.67247456180289,-15.673870727168937,PLANALTINA
EC ALTA-MIR,-47.68117693252328,-15.633233051232077,PLANALTINA
EC DA VILA DO RCG,-47.94985370608968,-15.762646536730232,BRASILIA
JI 114 SUL,-47.92077354064161,-15.828756612806274,BRASILIA
JI 303 SUL,-47.89381612202591,-15.80307688443673,BRASILIA
JI 305 SUL,-47.89875339352094,-15.808488755305603,BRASILIA
CIL DE BRAZLANDIA,-48.202030679280824,-15.686085962850164,BRAZLANDIA
EC INCRA 07,-48.11507358075264,-15.7487873190953,BRAZLANDIA
CEF 35 DE CEILANDIA,-48.11215394842368,-15.817888541883317,CEILANDIA
EC CORREGO DO OURO,-47.9229498826828,-15.513261420420026,FERCAL
CEPI JABUTI,-48.07421586854553,-15.855590455573354,SAMAMBAIA
CED 08 DO GAMA,-48.07814645985614,-16.02307897209373,GAMA
EC 05 DO GUARA,-47.981639545168655,-15.823003292158717,GUARA
CED DO PAD-DF,-47.55721831376626,-16.00952234578194,PARANOA
CEF JARDIM II,-47.38061559986268,-16.016925466295273,PARANOA
CEF SANTOS DUMONT,-47.99733180314222,-15.993166003153226,SANTA MARIA
EC DO SRIA,-47.96013218235176,-15.814066496899182,SIA
EC BASEVI,-47.88960234909066,-15.64598516669306,SOBRADINHO
EC SITIO DAS ARAUCARIAS,-47.74297310920203,-15.697869163204698,SOBRADINHO
EC 17 DE SOBRADINHO,-47.84732035399182,-15.623483532240428,SOBRADINHO II
EC 54 DE TAGUATINGA,-48.04900209487178,-15.853376053598698,TAGUATINGA
CEF 19 DE TAGUATINGA,-48.07884432103341,-15.820304439344726,TAGUATINGA
EC NUCLEO RURAL CORREGO DO ATOLEIRO,-47.614949588805636,-15.624037850683798,PLANALTINA
CR SOLDADINHO DE CHUMBO,-47.93576307571873,-15.774375063245866,BRASILIA
ESC TECNICA DE SAUDE,-47.920497822384306,-15.817054930430164,BRASILIA
ASSOC DE PAIS E AMIGOS DEFICIENTES AUDITIVOS - APADA-DF,-47.88501934126655,-15.796115289929105,BRASILIA
ESC LAZARO LUIZ ZAMENHOF-CURUMIM,-48.204727983986054,-15.69026299727199,BRAZLANDIA
NUCLEO DE EDUC INF - JARDINS,-47.80104743494381,-15.87287960776322,JARDIM BOTANICO
CR IRMA ELVIRA,-47.97613686723056,-15.867146081058117,NUCLEO BANDEIRANTE
C SOCIAL JOAO PAULO II,-47.784176573297216,-15.780600694927335,PARANOA
CE SITIO ENCANTADO,-47.997475325818264,-15.99597981649531,SANTA MARIA
CE ISAAC NEWTON,-48.05042359890674,-15.842520123232276,TAGUATINGA
COL ALUB - SEDE IV,-48.05344313001592,-15.829120456534547,TAGUATINGA
ESC DE EDUC INF ALZIRO ZARUR,-48.02882611990349,-15.823165122226902,TAGUATINGA
C SOCIAL COMUNITARIO TIA ANGELINA,-47.87735856038712,-15.711956836416988,VARJAO
ESC MENINOS E MENINAS DO PARQUE,-47.92539114383696,-15.810454129172262,BRASILIA
EC CHAPADINHA,-48.15171447976331,-15.675035151768277,BRAZLANDIA
EC POLO AGRICOLA DA TORRE,-48.1199810462754,-15.626861768623204,BRAZLANDIA
CEF BOA ESPERANCA,-48.24649083164406,-15.828092145220044,CEILANDIA
EC CORREGO DAS CORUJAS,-48.183869080061974,-15.836846353449193,CEILANDIA
EC JIBOIA,-48.26150949147216,-15.869516416488082,CEILANDIA
EC RIBEIRAO,-47.96650517200603,-15.505950379843382,FERCAL
EC SONHEM DE CIMA,-47.84529904656808,-15.507529994835485,FERCAL
CEF PONTE ALTA DO BAIXO,-48.13131035867077,-16.025214197318725,GAMA
EC PONTE ALTA DE CIMA,-48.1470750184556,-16.04750769459044,GAMA
EC JARDIM BOTANICO,-47.84047427948309,-15.87441854444162,JARDIM BOTANICO
CEF METROPOLITANA,-47.97509472571095,-15.88158885004052,NUCLEO BANDEIRANTE
CEF 02 DO PARANOA,-47.77959437538463,-15.783132958789725,PARANOA
CEM 01 DO PARANOA,-47.77896032029735,-15.78294982068294,PARANOA
EC BOQUEIRAO,-47.748630047127065,-15.785384887217283,PARANOA
EC ALTO INTERLAGOS,-47.74397511657698,-15.826611960207245,PARANOA
CEF BURITI VERMELHO,-47.40697340855526,-15.898560593718843,PARANOA
EC CAPAO SECO,-47.55756814401145,-15.963220866786983,PARANOA
EC CARIRU,-47.51746151233781,-15.906433139236823,PARANOA
EC ITAPETI,-47.380838045661704,-15.928873546437902,PARANOA
EC LAMARAO,-47.50091650701055,-15.965319935101174,PARANOA
EC QUEBRADA DOS NERIS,-47.660762816310175,-15.962012207344708,PARANOA
EC SOBRADINHO DOS MELOS,-47.693936838599335,-15.796946514503444,PARANOA
EC SUSSUARANA,-47.42292829192263,-15.951724316710889,PARANOA
EC KANEGAE,-47.98971976202566,-15.882647135663978,RIACHO FUNDO
CEF SARGENTO LIMA,-47.97479050394991,-15.981232444250947,SANTA MARIA
EC 16 DE SOBRADINHO,-47.75527300745022,-15.648009064934124,SOBRADINHO
EC APRODARMAS,-47.64809067919318,-15.678710284270531,PLANALTINA
EC SANTOS DUMONT,-47.65650814812976,-15.679695485014957,PLANALTINA
CED OSORIO BACCHIN,-47.62295400532114,-15.527936313437085,PLANALTINA
CED TAQUARA,-47.52197152987302,-15.633830123195791,PLANALTINA
CED VARZEAS,-47.57046495977613,-15.82109246539158,PLANALTINA
CEF BONSUCESSO,-47.58530309716828,-15.505580909017215,PLANALTINA
CEF CERAMICAS REUNIDAS DOM BOSCO,-47.3859977551968,-15.572562387230043,PLANALTINA
CEF PIPIRIPAU II,-47.51215589928511,-15.534897836025172,PLANALTINA
CEF RIO PRETO,-47.492900509691815,-15.763262918801715,PLANALTINA
CEF SAO JOSE,-47.39069228980532,-15.714278475491087,PLANALTINA
EC BARRA ALTA,-47.45215652269559,-15.849474741179689,PLANALTINA
EC COPERBRAS,-47.54689624354709,-15.758201138128177,PLANALTINA
EC CORREGO DO MEIO,-47.707578109040085,-15.69553673722912,PLANALTINA
EC ESTANCIA DO PIPIRIPAU,-47.57463031078384,-15.58738482528958,PLANALTINA
EC ETA 44,-47.729695420578224,-15.59278777450819,PLANALTINA
EC FRIGORIFICO INDUSTRIAL,-47.62590796806179,-15.657086715179796,PLANALTINA
EC MONJOLO,-47.68813579876445,-15.52771417917604,PLANALTINA
EC PALMEIRAS,-47.741014526531764,-15.528379496975068,PLANALTINA
EC RAJADINHA,-47.650820385068556,-15.753695507217792,PLANALTINA
EC REINO DAS FLORES,-47.6024757783347,-15.6931831218505,PLANALTINA
EC VALE VERDE,-47.63038898222014,-15.526847918580614,PLANALTINA
CED DPAULA,-47.89699347305846,-15.750244804205296,BRASILIA
EC DOM BOSCO,-47.73908680123958,-15.910374279524145,SAO SEBASTIAO
EC AGUILHADA,-47.73923922895667,-15.96283950659661,SAO SEBASTIAO
EC CACHOEIRINHA,-47.75200037637284,-15.989465650287048,SAO SEBASTIAO
CED NOSSA SENHORA DE LOURDES,-47.65338016785543,-15.631657604069323,PLANALTINA
ESC FUNDAMENTAL PARAISO,-47.758392421785004,-15.90197628523008,SAO SEBASTIAO
EC 16 DE PLANALTINA,-47.68137735592487,-15.619785769665382,PLANALTINA
IFB - CAMPUS TAGUATINGA CENTRO,-48.046864095257085,-15.841063650937826,TAGUATINGA
COL MILITAR TIRADENTES,-47.939867795277415,-15.82975182750005,BRASILIA
C UNIVERSITARIO EURO AMERICANO - UNIEURO ASA NORTE,-47.902606172532174,-15.741043231393718,BRASILIA
C UNIVERSITARIO EURO AMERICANO - UNIEURO ASA SUL,-47.91547668100076,-15.844404972407402,BRASILIA
C UNIVERSITARIO IESB - UNIDADE ASA NORTE,-47.87770008007884,-15.757289794652934,BRASILIA
C UNIVERSITARIO IESB - UNIDADE ASA SUL,-47.91259148835311,-15.83569119171293,BRASILIA
C UNIVERSITARIO IESB - UNIDADE OESTE,-48.12560861499419,-15.81025656612459,BRASILIA
COL BIANGULO,-48.08619664524397,-15.814245415928252,BRASILIA
FACIPLAC,-48.05079713727288,-16.001480816344422,GAMA
JI PRIMEIRO PASSINHO,-48.078734346246335,-16.017537187546292,GAMA
BERCARIO BIANGULO,-48.05528252560047,-15.814905243357112,TAGUATINGA
CASA DE BRINQUEDOS BABY,-48.05814393152527,-15.818724824577027,TAGUATINGA
COL MADRE TERESA,-48.0844083262343,-15.80784198005977,TAGUATINGA
COL REFERENCIAL,-48.04905897122332,-15.837777235381198,TAGUATINGA
ESC MAT E JI MEUS AMIGUINHOS,-47.649441925808006,-15.616714205878964,PLANALTINA
COL CRUZEIRO DO SABER,-47.93667993979083,-15.79406728597274,CRUZEIRO
ESC ANA CLARA,-48.026332640708496,-16.02393888402151,SANTA MARIA
COL INTERNACIONAL EVEREST,-47.858999420397225,-15.86212698060168,LAGO SUL
ESC KK,-47.897141013782566,-15.84352284562886,LAGO SUL
CED RIACHO FUNDO,-48.01920733542541,-15.879793318405317,RIACHO FUNDO
C UNIVERSITARIO EURO AMERICANO - UNIEURO AGUAS CLARAS,-48.03763330267615,-15.832048387579558,AGUAS CLARAS
ESC LAZER E ARTE,-48.01036763214665,-15.867147002493205,AGUAS CLARAS
INST SERRANO,-47.8281718042028,-15.640991987778062,SOBRADINHO II
COL LICEU,-48.03988697424691,-15.808471296798931,VICENTE PIRES
CR MAGIA DOS SONHOS,-47.63418018032394,-15.637278819393119,PLANALTINA
CEPI IPE-BRANCO,-48.11722267781545,-15.814572436380969,CEILANDIA
ESC DE EDUC INF CORACAO DE CRISTO,-48.08549019142837,-15.908695190804318,RECANTO DAS EMAS
LAR DAS CRIANCAS LUIZ HERMANI,-48.01190076968097,-15.886016337833084,RIACHO FUNDO
CR CASA DA MAE PRETA DO BRASIL - CMPB,-47.97679744702218,-15.865600353719886,PARK WAY
CEI DIDASCALHO SAO JOSE OPERARIO,-47.981364419122855,-15.785319123327188,SCIA
ESC TIO PEDRO,-47.981364419122855,-15.792565127011004,SCIA
CEI 02 DE BRAZLANDIA,-48.19021409979611,-15.658952764045367,BRAZLANDIA
CEI 01 DE PLANALTINA,-47.68302683130493,-15.619629582395673,PLANALTINA
CEI 03 DE SAO SEBASTIAO,-47.77843467443228,-15.903878675451685,SAO SEBASTIAO
C INTEGRADO EXCELSUS,-47.893514466117225,-15.800963763132753,BRASILIA
C UNIVERSITARIO DE BRASILIA,-47.89394792019538,-15.766754114808114,BRASILIA
C UNIVERSITARIO DO DISTRITO FEDERAL - UDF,-47.899916918408735,-15.802483587212416,BRASILIA
ESC MISSAO CRIANCA,-48.07888054061297,-16.01107466185878,GAMA
C UNIVERSITARIO DE BRASILIA - TAGUATINGA,-48.04686568385054,-15.841205779739806,TAGUATINGA
CED JUSCELINO KUBITSCHEK TAGUATINGA,-48.071627989668976,-15.802846523338845,TAGUATINGA
FACULDADE DE NEGOCIOS E TECNOLOGIAS DA INFORMACAO - FACNET,-48.04420465300609,-15.841315686068768,TAGUATINGA
FACULDADE ANHANGUERA DE BRASILIA,-48.04620507376339,-15.838444233865552,TAGUATINGA
FACULDADES LS FACELS,-48.047196827860866,-15.840556650720762,TAGUATINGA
INST PEDAGOGICO CRESCER - IPEC,-47.84170399890321,-15.682235686066331,SOBRADINHO
ESC ESPACO INTEGRACAO,-47.96658656335758,-15.873589059293435,NUCLEO BANDEIRANTE
CED PROJECAO GUARA II,-47.96604888585325,-15.839554848887877,GUARA
COL ROGACIONISTA SOCIAL SANTO ANIBAL,-47.973934435401354,-15.842419826606262,GUARA
ESC APLICACAO,-47.93713935958689,-15.787721405048789,CRUZEIRO
COL MDC,-48.07123660912111,-15.853857949951015,SAMAMBAIA
SERVICO NACIONAL DE APRENDIZAGEM DO TRANSPORTE,-48.05402312181966,-15.859385684353313,SAMAMBAIA
COL PRIMAVERA,-47.987671202755664,-16.01086834529278,SANTA MARIA
CEI LUVA LULU,-47.76160880457309,-15.911946007333274,SAO SEBASTIAO
CEAV JR AGUAS CLARAS,-48.03836716388625,-15.839466940798614,AGUAS CLARAS
COL OLIMPO DE AGUAS CLARAS,-48.013220528077674,-15.836166299918446,AGUAS CLARAS
CR BEBE CONFORTO,-48.01666094991834,-15.830700967143525,AGUAS CLARAS
CEPI OLHOS D'AGUA,-47.89768919997602,-15.746570157945845,BRASILIA
CR ESPIRITA MARIA DE NAZARE,-48.068195293031714,-16.014360106489544,GAMA
CEPI JOAO-DE-BARRO,-47.788518793916246,-15.655741861996802,SOBRADINHO
CEPI CANARIO-DA-TERRA,-47.64820398529988,-15.603539161618981,PLANALTINA
CEPI PEQUIZEIRO,-47.640529808921144,-15.618741584911135,PLANALTINA
CEPI ESTRELA-DO-CERRADO,-48.1259372535864,-15.844941134728725,CEILANDIA
CEPI FLOR DE PEQUI,-48.13389977058881,-15.811395507871646,CEILANDIA
CEPI IPE-AMARELO,-48.146516288244385,-15.806950014162908,CEILANDIA
CEPI JASMIM,-48.13269992521089,-15.791535145068867,CEILANDIA
CEPI SEMPRE-VIVA,-48.14403414054399,-15.803954876274778,CEILANDIA
INST PAZ E VIDA,-48.12503872865872,-15.840689882171654,CEILANDIA
CEPI LOBO-GUARA,-47.98585573665772,-15.807254196661498,GUARA
CEPI ANDORINHA,-48.14396953509445,-15.88363234213676,SAMAMBAIA
CEPI CALIANDRA,-48.0688681847383,-15.875860378457018,SAMAMBAIA
CEPI IPE-ROXO,-48.112256423836776,-15.889208156582214,SAMAMBAIA
CEPI JURITI,-48.145960686274066,-15.892610213712528,SAMAMBAIA
CEPI ONCA-PINTADA,-48.100086780229326,-15.885603687978197,SAMAMBAIA
CEPI TAMANDUA BANDEIRA,-48.069022974716006,-15.873910194479693,SAMAMBAIA
CR PASTOR FRANCISCO MIRANDA,-48.0680211763026,-15.876116421063625,SAMAMBAIA
CEPI ANGELINS,-47.987830699484356,-16.00248012651849,SANTA MARIA
CEPI CORUJINHA-DO-CERRADO,-48.03466138050158,-16.038918020089525,SANTA MARIA
CEPI CURIO,-47.98773351761077,-16.00416343159683,SANTA MARIA
CEPI ARARA-CANINDE,-48.100028490240135,-15.919840594250726,RECANTO DAS EMAS
CEPI BEIJA-FLOR,-48.08685846773321,-15.906996746386168,RECANTO DAS EMAS
CEPI JATOBA,-47.664000383630366,-15.642679191464165,PLANALTINA
CEPI QUERO-QUERO,-48.07034478879104,-15.912045016181521,RECANTO DAS EMAS
CEPI SABIA-DO-CAMPO,-48.09569359363887,-15.914162078404344,RECANTO DAS EMAS
CEPI JEQUITIBA,-48.04175086766191,-15.837126291784113,AGUAS CLARAS
CEPI SABIA-LARANJEIRA,-48.02418273624601,-15.861996078796535,AGUAS CLARAS
CEPI CANELA-DE-EMA,-47.82116998302327,-15.647297210965132,SOBRADINHO II
CEPI FLOR DE LIS,-47.826897881988245,-15.645360974941443,SOBRADINHO II
CIL 01 DE PLANALTINA,-47.6457780470443,-15.621303515965932,PLANALTINA
CEI 01 DE CEILANDIA,-48.11185666640042,-15.841840741010552,CEILANDIA
EP ANISIO TEIXEIRA,-48.09500769258876,-15.818909956891241,CEILANDIA
CR MADRE CARMEN SALLES,-48.14200004214991,-15.89494553726433,SAMAMBAIA
CIL 01 DO RECANTO DAS EMAS,-48.082099680796645,-15.905442261956658,RECANTO DAS EMAS
CEF 05 DO PARANOA,-47.782853744016506,-15.768842748245705,PARANOA
EP DA NATUREZA DE BRAZLANDIA,-48.20351619276603,-15.689522660643323,BRAZLANDIA
CEPI PAINEIRA,-48.10964408685743,-15.89438640991749,SAMAMBAIA
CIL 01 DE SANTA MARIA,-48.01650772952381,-16.023747703649722,SANTA MARIA
COL CONEXAO,-48.06252967285089,-15.804418346323091,TAGUATINGA
INST MONTE HOREBE SOBRADINHO,-47.808530644305506,-15.64621655373031,SOBRADINHO
INST MONTE HOREBE PLANALTINA,-47.654650000933046,-15.61478119532365,PLANALTINA
CE APICE,-48.092675956129746,-15.835897367698346,CEILANDIA
INST DE EDUC MONTESQUIEU,-48.04557503302715,-15.797807830994312,VICENTE PIRES
ORIGINAL - C DE EDUC INF,-48.05161921771819,-15.838827436274546,TAGUATINGA
ESC CASTELINHO MAGICO,-48.10968188597359,-15.818885901875145,CEILANDIA
CED BANDEIRANTES - CEBAN,-47.9704822922458,-15.871710720036354,NUCLEO BANDEIRANTE
ASSUPERO - CAMPUS I,-48.02681694823196,-15.837461379177421,BRASILIA
C UNIVERSITARIO PLANALTO DO DISTRITO FEDERAL,-48.0263560565119,-15.837586078886888,AGUAS CLARAS
CEP SENAC - CEILANDIA,-48.11019581047656,-15.819867772755915,CEILANDIA
COL ALUB SEDE VII,-48.012332279407936,-15.813079250399333,VICENTE PIRES
CEP SENAC - GAMA,-48.06166677763601,-16.03052049662326,GAMA
COL INTERAGINDO,-47.83998266876885,-15.662188883879974,SOBRADINHO
ESC CENED,-47.78178423149775,-15.769109870498294,PARANOA
IFB - CAMPUS CEILANDIA,-48.098209080812985,-15.842816430344545,CEILANDIA
COL RODRIGUES DE SOUZA,-48.113356583781616,-15.811954567845012,CEILANDIA
FACULDADE DE CIENCIAS SOCIAS E TECNOLOGICAS,-48.03208739641152,-15.869664025027564,TAGUATINGA
COL MAXIMUS,-48.02468247403925,-15.809217332436843,VICENTE PIRES
GALOIS INFANTIL,-48.03248672282345,-15.844746654238213,AGUAS CLARAS
CEF QUEIMA LENCOL,-47.84305282919986,-15.589179689860057,SOBRADINHO II
