FID,fid,the_geom,id,longitud0,latitude1,porta_ab2,cod_cnes3,nome_est4,nomecomp5,cod_tipo6,tipo
saude_sala_situacao_2.1,1,MULTIPOINT ((181866.5312123709 8245514.133302469)),1,-47.970083,-15.848998,sim,0011274,UBS 3 Guará,UBS 03 GUARA,2,UBS
saude_sala_situacao_2.2,2,MULTIPOINT ((181866.5312123709 8245514.133302469)),2,-47.970083,-15.848998,sim,9263632,UBS 5 Guará,UBS 05 GUARA,2,UBS
saude_sala_situacao_2.3,3,MULTIPOINT ((180173.559859498 8229513.119921941)),3,-47.98801,-15.99324,sim,3144569,UBS 7 Santa Maria,UBS 7 SANTA MARIA,2,UBS
saude_sala_situacao_2.4,4,MULTIPOINT ((215320.7996437386 8270799.514344686)),4,-47.655044,-15.624705,sim,0011096,UBS 3 Planaltina,UBS 3 PLANALTINA,2,UBS
saude_sala_situacao_2.5,5,MULTIPOINT ((190076.13724950067 8254012.641130784)),5,-47.8924184,-15.7733019,sim,0010707,UBS 1 Asa Norte,UBS 1 ASA NORTE,2,UBS
saude_sala_situacao_2.6,6,MULTIPOINT ((216574.59603028244 8272185.190053898)),6,-47.643199,-15.612332,sim,0010650,UBS 2 Planaltina,UBS 2 PLANALTINA,2,UBS
saude_sala_situacao_2.7,7,MULTIPOINT ((185430.69024767628 8252811.945262214)),7,-47.9358883,-15.7835622,sim,0010758,UBS 2 Cruzeiro,UBS 2 CRUZEIRO,2,UBS
saude_sala_situacao_2.8,8,MULTIPOINT ((188344.25557122065 8247399.240510876)),8,-47.90942,-15.832798,sim,0011150,UBS 1 Asa Sul,UBS 01 ASA SUL,2,UBS
saude_sala_situacao_2.9,9,MULTIPOINT ((191995.16201779438 8259325.651765603)),9,-47.87385,-15.725567,sim,0011177,UBS 1 Lago Norte,UBS 1 LAGO NORTE,2,UBS
saude_sala_situacao_2.10,10,MULTIPOINT ((164688.39305211074 8248593.442574741)),10,-48.12986111,-15.81894444,sim,7347715,UBS 1 Ceilândia,UBS 1 ESF SOL NASCENTE TRECHO II CEILANDIA,2,UBS
saude_sala_situacao_2.11,11,MULTIPOINT ((210051.1233629571 8232345.58100273)),11,-47.708768,-15.971361,sim,7975295,UBS 8 São Sebastião,UBS 8 CAVAS DE BAIXO - SAO SEBASTIAO,2,UBS
saude_sala_situacao_2.12,12,MULTIPOINT ((179988.8411808352 8227935.922821383)),12,-47.989946,-16.007455,sim,0010669,UBS 2 Santa Maria,UBS 2 SANTA MARIA,2,UBS
saude_sala_situacao_2.13,13,MULTIPOINT ((213249.62316993036 8269756.146140361)),13,-47.674468,-15.633893,sim,2804123,UBS 12 Planaltina,UBS 12 BICA DO DER PLANALTINA,2,UBS
saude_sala_situacao_2.14,14,MULTIPOINT ((230000.17445190495 8270467.2736138925)),14,-47.518272,-15.629319,sim,2804174,UBS 10 Planaltina,UBS 10 TAQUARA PLANALTINA,2,UBS
saude_sala_situacao_2.15,15,MULTIPOINT ((192049.88491671399 8273194.519804787)),15,-47.871589,-15.600348,sim,2804360,UBS 1 Fercal,UBS 1 ENGENHO VELHO FERCAL,2,UBS
saude_sala_situacao_2.16,16,MULTIPOINT ((183825.08178482292 8271018.334298708)),16,-47.948493,-15.618981,sim,2804387,UBS 6 Sobradinho,UBS 6 LAGO OESTE SOBRADINHO,2,UBS
saude_sala_situacao_2.17,17,MULTIPOINT ((219062.52634097426 8282039.280152772)),17,-47.618887,-15.523615,sim,3144666,UBS 17 Planaltina,UBS 17 JARDIM MORUMBI PLANALTINA,2,UBS
saude_sala_situacao_2.18,18,MULTIPOINT ((163498.57810947887 8240677.4158213595)),18,-48.142062,-15.890241,sim,0010677,UBS 3 Samambaia,UBS 03 SAMAMBAIA,2,UBS
saude_sala_situacao_2.19,19,MULTIPOINT ((160084.23620230565 8279549.375659481)),19,-48.16847222,-15.53888889,sim,0011495,UBS 6 Brazlândia,UBS 6 ALMECEGAS BRAZLANDIA,2,UBS
saude_sala_situacao_2.20,20,MULTIPOINT ((203108.78526108543 8239908.7594943065)),20,-47.772632,-15.902241,sim,0010790,UBS 1 São Sebastião,UBS 1 SAO SEBASTIAO,2,UBS
saude_sala_situacao_2.21,21,MULTIPOINT ((199115.5212084102 8238901.103195736)),21,-47.810019,-15.910858,sim,3028011,UBS 15 São Sebastião,UBS 15 CIR - SAO SEBASTIAO,2,UBS
saude_sala_situacao_2.22,22,MULTIPOINT ((215732.01818850462 8271666.567269428)),22,-47.651111,-15.616921,sim,9566961,UBS 18 Planaltina,UBS 18 PLANALTINA,2,UBS
saude_sala_situacao_2.23,23,MULTIPOINT ((214749.78236238618 8273025.588583082)),23,-47.660106,-15.604537,sim,9566988,UBS 19 Planaltina,UBS 19 PLANALTINA,2,UBS
saude_sala_situacao_2.24,24,MULTIPOINT ((171015.69527134503 8227368.519393369)),24,-48.073777,-16.011394,sim,0010871,UBS 6 Gama,UBS 6 GAMA,2,UBS
saude_sala_situacao_2.25,25,MULTIPOINT ((166359.88379581523 8247153.316219994)),25,-48.114475,-15.832169,sim,9643338,UBS 18 Ceilândia,UBS 18 CAIC BERNARDO SAYAO,2,UBS
saude_sala_situacao_2.26,26,MULTIPOINT ((216894.58188472374 8271529.220178927)),26,-47.640293,-15.618292,sim,5167817,UBS 1 Planaltina,UBS 1 PLANALTINA,2,UBS
saude_sala_situacao_2.27,27,MULTIPOINT ((212570.33122186753 8271310.131101746)),27,-47.680616,-15.619782,sim,6216013,UBS 4 Planaltina,UBS 4 PLANALTINA,2,UBS
saude_sala_situacao_2.28,28,MULTIPOINT ((216195.0758694741 8269192.105357042)),28,-47.647083,-15.63932,sim,6216021,UBS 5 Planaltina,UBS 5 PLANALTINA,2,UBS
saude_sala_situacao_2.29,29,MULTIPOINT ((190235.51408301893 8268111.146290593)),29,-47.889136,-15.646025,sim,6770657,UBS 5 Sobradinho,UBS 5 BASEVI SOBRADINHO,2,UBS
saude_sala_situacao_2.30,30,MULTIPOINT ((197437.38223837706 8270989.853154753)),30,-47.821668,-15.620906,sim,6770681,UBS 3 Sobradinho II,UBS 3 VALE DOS PINHEIROS SOBRADINHO II,2,UBS
saude_sala_situacao_2.31,31,MULTIPOINT ((174071.00890921452 8237202.316990545)),31,-48.043917,-15.923025,sim,5038669,UBS 1 Riacho Fundo II,UBS 01 RIACHO FUNDO II,2,UBS
saude_sala_situacao_2.32,32,MULTIPOINT ((202130.7105485354 8254607.7555703875)),32,-47.779941,-15.769394,sim,0010634,UBS 1 Paranoá,UBS 1 - PARANOA,2,UBS
saude_sala_situacao_2.33,33,MULTIPOINT ((168265.26531282504 8247312.674019128)),33,-48.09668541,-15.83098504,sim,0010995,UBS 3 Ceilândia,UBS 3 CEILANDIA,2,UBS
saude_sala_situacao_2.34,34,MULTIPOINT ((166601.6522683492 8250357.382708364)),34,-48.11177778,-15.80327778,sim,0011010,UBS 5 Ceilândia,UBS 5 CEILANDIA,2,UBS
saude_sala_situacao_2.35,35,MULTIPOINT ((166403.1610791987 8246264.922217801)),35,-48.11419444,-15.84019444,sim,0011029,UBS 6 Ceilândia,UBS 6 CEILANDIA,2,UBS
saude_sala_situacao_2.36,36,MULTIPOINT ((164522.53986315412 8251159.646489683)),36,-48.131051,-15.795757,sim,0011037,UBS 7 Ceilândia,UBS 7 CEILANDIA,2,UBS
saude_sala_situacao_2.37,37,MULTIPOINT ((164662.1880292 8249921.005283809)),37,-48.129921,-15.806957,sim,0011045,UBS 8 Ceilândia,UBS 8 CEILANDIA,2,UBS
saude_sala_situacao_2.38,38,MULTIPOINT ((165416.92651658267 8245540.102982816)),38,-48.123492,-15.846605,sim,0011053,UBS 9 Ceilândia,UBS 9 CEILANDIA,2,UBS
saude_sala_situacao_2.39,39,MULTIPOINT ((164272.56301383005 8250876.137011888)),39,-48.133420944,-15.798282623,sim,0011061,UBS 11 Ceilândia,UBS 11 CEILANDIA,2,UBS
saude_sala_situacao_2.40,40,MULTIPOINT ((180059.572153282 8248897.8841704065)),40,-47.986487,-15.818217,sim,0011118,UBS 1 Guará,UBS 01 GUARA,2,UBS
saude_sala_situacao_2.41,41,MULTIPOINT ((182390.55707222683 8243137.246780531)),41,-47.965509295,-15.870524358,sim,0011126,UBS 1 Núcleo Bandeirante,UBS 01 NUCLEO BANDEIRANTE,2,UBS
saude_sala_situacao_2.42,42,MULTIPOINT ((176207.94942162593 8241421.659787823)),42,-48.02341,-15.885214,sim,0011169,UBS 1 Riacho Fundo I,UBS 01 RIACHO FUNDO I,2,UBS
saude_sala_situacao_2.43,43,MULTIPOINT ((183871.57687355613 8245452.517437985)),43,-47.95139,-15.84981,sim,0011185,UBS 1 Candangolândia,UBS 01 CANDANGOLANDIA,2,UBS
saude_sala_situacao_2.44,44,MULTIPOINT ((166454.88760789484 8247998.121406088)),44,-48.11347222,-15.82455556,sim,0011207,UBS 10  Ceilândia,UBS 10 CEILANDIA,2,UBS
saude_sala_situacao_2.45,45,MULTIPOINT ((157481.5222855953 8264188.704633904)),45,-48.194854,-15.677194,sim,0011215,UBS 1 Brazlândia,UBS 1 BRAZLANDIA,2,UBS
saude_sala_situacao_2.46,46,MULTIPOINT ((181493.67364333512 8247288.250898581)),46,-47.973326,-15.832933,sim,0011266,UBS 2 Guará,UBS 02 GUARA,2,UBS
saude_sala_situacao_2.47,47,MULTIPOINT ((198896.8702170854 8230030.670172759)),47,-47.813177,-15.990927,sim,0011363,UBS 5 São Sebastião,UBS 5 NOVA BETANIA - SAO SEBASTIAO,2,UBS
saude_sala_situacao_2.48,48,MULTIPOINT ((160302.77208350343 8257014.752910564)),48,-48.16957,-15.742334,sim,0011509,UBS 7 Brazlândia,UBS 7 INCRA 08 BRAZLANDIA,2,UBS
saude_sala_situacao_2.49,49,MULTIPOINT ((226212.59128998104 8233475.10649285)),49,-47.557766,-15.963007,sim,0011614,UBS 5 Paranoá,UBS 5 - QUEBRADA DOS NERES,2,UBS
saude_sala_situacao_2.50,50,MULTIPOINT ((225663.8118177359 8229417.459998313)),50,-47.563356,-15.999592,sim,0011630,UBS 8 Paranoá,UBS 8 - PADDF - PARANOA,2,UBS
saude_sala_situacao_2.51,51,MULTIPOINT ((185254.46321342216 8236189.680033572)),51,-47.939706445,-15.933615347,sim,0011681,UBS 1 Park Way,UBS 01 PARK WAY,2,UBS
saude_sala_situacao_2.52,52,MULTIPOINT ((163205.98259922268 8250150.405790826)),52,-48.143466,-15.80469,sim,2617293,UBS 12 Ceilândia,UBS 12 CEILANDIA,2,UBS
saude_sala_situacao_2.53,53,MULTIPOINT ((173827.28525425924 8239096.598752515)),53,-48.045933,-15.905892,sim,2660199,UBS 3 Riacho Fundo II,UBS 03 RIACHO FUNDO II,2,UBS
saude_sala_situacao_2.54,54,MULTIPOINT ((177192.96504945913 8234539.03562106)),54,-48.015149,-15.947478,sim,2673924,UBS 4  Riacho Fundo II,UBS 04 RIACHO FUNDO II - CAUB I,2,UBS
saude_sala_situacao_2.55,55,MULTIPOINT ((178851.28091653617 8252709.032337321)),55,-47.997248,-15.783654,sim,2779374,UBS 1 Estrutural,UBS 01 ESTRUTURAL,2,UBS
saude_sala_situacao_2.56,56,MULTIPOINT ((230549.0216159604 8239738.05928692)),56,-47.516577244,-15.90691927,sim,2804107,UBS 6  Paranoá,UBS 6 - CARIRU - PARANOA,2,UBS
saude_sala_situacao_2.57,57,MULTIPOINT ((199115.5212084102 8238901.103195736)),57,-47.810019,-15.910858,sim,3027643,UBS 17 São Sebastião,UBS 17 PDF II - SAO SEBASTIAO,2,UBS
saude_sala_situacao_2.58,58,MULTIPOINT ((182174.49642224726 8250920.798360686)),58,-47.966498,-15.800224,sim,3027651,UBS 1 SIA,UBS 01 SIA - CPP,2,UBS
saude_sala_situacao_2.59,59,MULTIPOINT ((199115.5212084102 8238901.103195736)),59,-47.810019,-15.910858,sim,3028003,UBS 14 São Sebastião,UBS 14 CDP - SAO SEBASTIAO,2,UBS
saude_sala_situacao_2.60,60,MULTIPOINT ((152199.58076959016 8247356.881029563)),60,-48.24648,-15.828394,sim,3144542,UBS 13 Ceilândia,UBS 13 BOA ESPERANCA CEILANDIA,2,UBS
saude_sala_situacao_2.61,61,MULTIPOINT ((162120.5782117556 8264552.544532902)),61,-48.15158,-15.674537,sim,3144631,UBS 5 Brazlândia,UBS 5 CHAPADINHA BRAZLANDIA,2,UBS
saude_sala_situacao_2.62,62,MULTIPOINT ((156869.36931035167 8264991.83646675)),62,-48.20044444,-15.66986111,sim,3144658,UBS 3 Brazlândia,UBS 3 VEREDAS I BRAZLANDIA,2,UBS
saude_sala_situacao_2.63,63,MULTIPOINT ((204406.7928376554 8238556.50115456)),63,-47.760687,-15.914607,sim,3212017,UBS 6 São Sebastião,UBS 6 SAO FRANCISCO - SAO SEBASTIAO,2,UBS
saude_sala_situacao_2.64,64,MULTIPOINT ((205371.15928920585 8238847.747625664)),64,-47.751652,-15.912092,sim,3212025,UBS 11 São Sebastião,UBS 11 RESIDENCIAL DO BOSQUE 2 - SAO SEBASTIAO,2,UBS
saude_sala_situacao_2.65,65,MULTIPOINT ((202086.8134479801 8241059.987141589)),65,-47.782025,-15.891723,sim,3212033,UBS 4 São Sebastião,UBS 4 MORRO AZUL - SAO SEBASTIAO,2,UBS
saude_sala_situacao_2.66,66,MULTIPOINT ((202582.70089697582 8239295.2257694295)),66,-47.777617,-15.907718,sim,3212068,UBS 3 São Sebastião,UBS 3 RESIDENCIAL OESTE - SAO SEBASTIAO,2,UBS
saude_sala_situacao_2.67,67,MULTIPOINT ((202496.61547386675 8241256.470041638)),67,-47.778177,-15.889998,sim,3254887,UBS 2 São Sebastião,UBS 2 T.R.E. - SAO SEBASTIAO,2,UBS
saude_sala_situacao_2.68,68,MULTIPOINT ((200886.54374356364 8242721.447059123)),68,-47.793017,-15.876576,sim,3254909,UBS 19 São Sebastião,UBS 19 VILA DO BOA - SAO SEBASTIAO,2,UBS
saude_sala_situacao_2.69,69,MULTIPOINT ((180159.24405452254 8227158.029897443)),109,-47.98846,-16.0145,sim,7559194,UBS 8 Santa Maria,UBS 8 SANTA MARIA,2,UBS
saude_sala_situacao_2.70,70,MULTIPOINT ((204323.1067165914 8240404.356148511)),69,-47.76124,-15.897911,sim,3286932,UBS 10 São Sebastião,UBS 10 JOAO CANDIDO - SAO SEBASTIAO,2,UBS
saude_sala_situacao_2.71,71,MULTIPOINT ((203188.0132297034 8257242.28405945)),70,-47.769759,-15.74573,sim,3286959,UBS 2 Itapoã,UBS 2 - ITAPOA,2,UBS
saude_sala_situacao_2.72,72,MULTIPOINT ((202284.49022867833 8254477.8894464355)),71,-47.778523,-15.770585,sim,3286975,UBS 2 Paranoá,UBS 2 - QUADRA 18 - PARANOA,2,UBS
saude_sala_situacao_2.73,73,MULTIPOINT ((173468.01739845786 8238704.321892212)),72,-48.049338,-15.909386,sim,3410196,UBS 2 Riacho Fundo II,UBS 02 RIACHO FUNDO II,2,UBS
saude_sala_situacao_2.74,74,MULTIPOINT ((178685.02412054612 8252898.176106917)),73,-47.998773,-15.781925,sim,3513564,UBS 2 Estrutural,UBS 02 ESTRUTURAL,2,UBS
saude_sala_situacao_2.75,75,MULTIPOINT ((165682.6454359687 8249848.335603649)),74,-48.12041667,-15.80775,sim,0010987,UBS 2 Ceilândia,UBS 2 CEILANDIA,2,UBS
saude_sala_situacao_2.76,76,MULTIPOINT ((163914.93976256798 8252311.470448838)),75,-48.13655556,-15.78527778,sim,3677044,UBS 14 Ceilândia,UBS 14 CONDOMINIO PRIVE CEILANDIA,2,UBS
saude_sala_situacao_2.77,77,MULTIPOINT ((156886.2646696958 8264662.814675766)),76,-48.20033333,-15.67283333,sim,3742865,UBS 4 Brazlândia,UBS 4 VEREDAS II BRAZLANDIA,2,UBS
saude_sala_situacao_2.78,78,MULTIPOINT ((204917.00896042318 8239618.94811633)),77,-47.755795,-15.905074,sim,3742873,UBS 9 São Sebastião,UBS 9 RESIDENCIAL DO BOSQUE 1 - SAO SEBASTIAO,2,UBS
saude_sala_situacao_2.79,79,MULTIPOINT ((203293.17450494756 8238345.510640146)),78,-47.771105,-15.916379,sim,3781402,UBS 7 São Sebastião,UBS 7 MORRO DA CRUZ - SAO SEBASTIAO,2,UBS
saude_sala_situacao_2.80,80,MULTIPOINT ((184782.56147112855 8250899.520916682)),79,-47.942181,-15.800747,sim,0010731,UBS 1 Cruzeiro,UBS 1 CRUZEIRO,2,UBS
saude_sala_situacao_2.81,81,MULTIPOINT ((181498.49902993365 8242144.04467569)),80,-47.973962,-15.879377,sim,7236778,UBS 2 Núcleo Bandeirante,UBS 02 NUCLEO BANDEIRANTE,2,UBS
saude_sala_situacao_2.82,82,MULTIPOINT ((163868.62807035976 8249624.38124709)),81,-48.13736111,-15.80952778,sim,7347723,UBS 15 Ceilândia,UBS 15 VILA OLIMPICA CEILANDIA,2,UBS
saude_sala_situacao_2.83,83,MULTIPOINT ((203949.74251014186 8239095.588946347)),82,-47.764885426,-15.909684478,sim,7423489,UBS 12 São Sebastião,UBS 12 SAO JOSE - SAO SEBASTIAO,2,UBS
saude_sala_situacao_2.84,84,MULTIPOINT ((170231.72792187065 8243815.24657722)),83,-48.078827,-15.862819,sim,0010642,UBS 1 Samambaia,UBS 01 SAMAMBAIA,2,UBS
saude_sala_situacao_2.85,85,MULTIPOINT ((178666.49625280907 8227586.317700465)),84,-48.002336,-16.0104389,sim,3144593,UBS 5 Santa Maria,UBS 5 SANTA MARIA,2,UBS
saude_sala_situacao_2.86,86,MULTIPOINT ((164315.9153698765 8246884.926888964)),85,-48.133572,-15.834317,sim,9475931,UBS 16 Ceilândia,UBS 16 CEILANDIA,2,UBS
saude_sala_situacao_2.87,87,MULTIPOINT ((161803.36187708174 8227501.242048532)),86,-48.159738,-16.008947,sim,3144615,UBS 12 Gama,UBS 12 PONTE ALTA GAMA,2,UBS
saude_sala_situacao_2.88,88,MULTIPOINT ((166397.56869527907 8245496.757606791)),87,-48.114353,-15.847128,sim,9509356,UBS 17 Ceilândia,UBS 17 CEILANDIA,2,UBS
saude_sala_situacao_2.89,89,MULTIPOINT ((160213.75347764377 8256941.074417733)),88,-48.17041,-15.742987,sim,9548203,UBS 9 Brazlândia,UBS 9 ZONA RURAL DE BRAZLANDIA,2,UBS
saude_sala_situacao_2.90,90,MULTIPOINT ((201994.14005845517 8253450.678513345)),89,-47.781357,-15.779826,sim,9572511,UBS 3 Paranoá,UBS 3 - PARANOA PARQUE,2,UBS
saude_sala_situacao_2.91,91,MULTIPOINT ((216120.80821103643 8264767.631587015)),90,-47.64829,-15.679269,sim,2672235,UBS 9 Planaltina,UBS 9 SANTOS DUMONT PLANALTINA,2,UBS
saude_sala_situacao_2.92,92,MULTIPOINT ((171295.4929274206 8242086.741860798)),91,-48.069142,-15.878564,sim,0010685,UBS 4 Samambaia,UBS 04 SAMAMBAIA,2,UBS
saude_sala_situacao_2.93,93,MULTIPOINT ((166921.68598889787 8242343.18287606)),92,-48.109902,-15.875666,sim,0010774,UBS 2 Samambaia,UBS 02 SAMAMBAIA,2,UBS
saude_sala_situacao_2.94,94,MULTIPOINT ((170306.19992440013 8247104.323016474)),93,-48.077682,-15.833137,sim,0010936,UBS 3 Taguatinga,UBS 03 TAGUATINGA,2,UBS
saude_sala_situacao_2.95,95,MULTIPOINT ((171891.3279716185 8246767.512184487)),94,-48.062946,-15.836387,sim,0010952,UBS 6 Taguatinga,UBS 06 TAGUATINGA,2,UBS
saude_sala_situacao_2.96,96,MULTIPOINT ((172288.61073261226 8239484.6289799325)),95,-48.060234,-15.902186,sim,0011134,UBS 2 Recanto das Emas,UBS 02 RECANTO DAS EMAS,2,UBS
saude_sala_situacao_2.97,97,MULTIPOINT ((168724.36808089988 8248413.683782272)),96,-48.092253,-15.821107,sim,2617269,UBS 8 Taguatinga,UBS 08 TAGUATINGA,2,UBS
saude_sala_situacao_2.98,98,MULTIPOINT ((168145.19899262598 8232515.181453862)),97,-48.099852,-15.964549,sim,2779331,UBS 7  Recanto das Emas,UBS 07 RECANTO DAS EMAS - CASA GRANDE,2,UBS
saude_sala_situacao_2.99,99,MULTIPOINT ((154347.06487805594 8235278.667810443)),98,-48.228196,-15.937712,sim,2804247,UBS 8 Recanto das Emas,UBS 08 RECANTO DAS EMAS - SAO FRANCISCO,2,UBS
saude_sala_situacao_2.100,100,MULTIPOINT ((167387.6337558034 8235985.625666687)),99,-48.106438,-15.933119,sim,3144623,UBS 10 Recanto das Emas,UBS 10 RECANTO DAS EMAS,2,UBS
saude_sala_situacao_2.101,101,MULTIPOINT ((169389.49341229274 8241432.378384269)),100,-48.08701,-15.884218,sim,3633845,UBS 10 Samambaia,UBS 10 SAMAMBAIA,2,UBS
saude_sala_situacao_2.102,102,MULTIPOINT ((176114.26538404176 8244262.729523139)),101,-48.023901,-15.859553,sim,3742822,UBS 2 Águas Claras,UBS 02 AGUAS CLARAS,2,UBS
saude_sala_situacao_2.103,103,MULTIPOINT ((166615.43748191377 8240422.619089022)),102,-48.113025,-15.892962,sim,3742857,UBS 9 Samambaia,UBS 09 SAMAMBAIA,2,UBS
saude_sala_situacao_2.104,104,MULTIPOINT ((165773.4674896219 8239788.15235403)),103,-48.120967,-15.898576,sim,6921736,UBS 5 Samambaia,UBS 05 SAMAMBAIA,2,UBS
saude_sala_situacao_2.105,105,MULTIPOINT ((172424.86532425834 8243038.860296675)),104,-48.058478,-15.870118,sim,7053754,UBS 6 Samambaia,UBS 06 SAMAMBAIA,2,UBS
saude_sala_situacao_2.106,106,MULTIPOINT ((172973.28251303162 8237139.418800905)),105,-48.054167,-15.923448,sim,7059892,UBS 5 Recanto das Emas,UBS 05 RECANTO DAS EMAS,2,UBS
saude_sala_situacao_2.107,107,MULTIPOINT ((172302.46583450615 8239512.081915587)),106,-48.060101,-15.90194,sim,7059957,UBS 9 Recanto das Emas,UBS 09 RECANTO DAS EMAS,2,UBS
saude_sala_situacao_2.108,108,MULTIPOINT ((172372.13761996094 8238100.423322886)),107,-48.059644,-15.914693,sim,7059965,UBS 6 Recanto das Emas,UBS 06 RECANTO DAS EMAS,2,UBS
saude_sala_situacao_2.109,109,MULTIPOINT ((157685.78366615798 8266213.544017767)),108,-48.19266667,-15.65894444,sim,6662358,UBS 2 Brazlândia,UBS 2 BRAZLANDIA,2,UBS
saude_sala_situacao_2.110,110,MULTIPOINT ((194821.72452456085 8251636.183358535)),110,-47.848469,-15.7953438,sim,0011355,UBS 3 Asa Norte,UBS 3 ASA NORTE (VILA PLANALTO),2,UBS
saude_sala_situacao_2.111,111,MULTIPOINT ((191717.94334090385 8260941.059547479)),111,-47.876229286,-15.710947102,sim,2617358,UBS 1 Varjão,UBS 1 VARJAO,2,UBS
saude_sala_situacao_2.112,112,MULTIPOINT ((201732.59858146985 8267748.6681412775)),112,-47.782041,-15.650685,sim,0011223,UBS 1 Sobradinho,UBS 1 SOBRADINHO,2,UBS
saude_sala_situacao_2.113,113,MULTIPOINT ((198792.65275285637 8267288.9960430525)),113,-47.809496,-15.654486,sim,0011231,UBS 2 Sobradinho,UBS 2 SOBRADINHO,2,UBS
saude_sala_situacao_2.114,114,MULTIPOINT ((197175.70655177167 8268368.122135455)),114,-47.824431,-15.644548,sim,0011258,UBS 1 Sobradinho II,UBS 1 SOBRADINHO II,2,UBS
saude_sala_situacao_2.115,115,MULTIPOINT ((186570.53474508057 8274444.135882017)),115,-47.922476,-15.588392,sim,0011517,UBS 2 Fercal,UBS 2 CATINGUEIRO FERCAL,2,UBS
saude_sala_situacao_2.116,116,MULTIPOINT ((204595.92805778806 8268088.122197852)),116,-47.755315,-15.647957,sim,0011568,UBS 3 Sobradinho,UBS 3 NOVA COLINA SOBRADINHO,2,UBS
saude_sala_situacao_2.117,117,MULTIPOINT ((214667.56588711962 8257286.766198257)),117,-47.662715,-15.746663,sim,0011576,UBS 11 Planaltina,UBS 11 RAJADINHA PLANALTINA,2,UBS
saude_sala_situacao_2.118,118,MULTIPOINT ((224722.38474354031 8249222.052145467)),118,-47.569871,-15.820625,sim,0011584,UBS 14 Planaltina,UBS 14 TABATINGA PLANALTINA,2,UBS
saude_sala_situacao_2.119,119,MULTIPOINT ((230646.37644181907 8280959.947150984)),119,-47.511097,-15.534618,sim,0011592,UBS 16 Planaltina,UBS 16 PIPIRIPAU PLANALTINA,2,UBS
saude_sala_situacao_2.120,120,MULTIPOINT ((245624.06291971824 8262364.311439089)),120,-47.373487,-15.704136,sim,0011622,UBS 13 Planaltina,UBS 13 SAO JOSE PLANALTINA,2,UBS
saude_sala_situacao_2.121,121,MULTIPOINT ((216015.82402088313 8273237.699534121)),121,-47.648284,-15.602764,sim,2360233,UBS 7 Planaltina,UBS 7 JARDIM RORIZ PLANALTINA,2,UBS
saude_sala_situacao_2.122,122,MULTIPOINT ((178639.12530071015 8242104.656011962)),122,-48.00064,-15.879364,sim,3781437,UBS 2 Riacho Fundo I,UBS 02 RIACHO FUNDO I,2,UBS
saude_sala_situacao_2.123,123,MULTIPOINT ((203893.3810186959 8257842.117005922)),123,-47.763109,-15.740397,sim,6268269,UBS 1 Itapoã,UBS 1 ITAPOA,2,UBS
saude_sala_situacao_2.124,124,MULTIPOINT ((221750.07990072225 8236015.200859799)),124,-47.599129,-15.939568,sim,7075596,UBS 7 Paranoá,UBS 7 - CAFE SEM TROCO - PARANOA,2,UBS
saude_sala_situacao_2.125,125,MULTIPOINT ((172196.47948453296 8251311.37697513)),125,-48.059483,-15.795407,sim,0010901,UBS 1 Taguatinga,UBS 01 TAGUATINGA,2,UBS
saude_sala_situacao_2.126,126,MULTIPOINT ((171823.6327769527 8249628.313636563)),126,-48.063188,-15.810552,sim,0010928,UBS 2 Taguatinga,UBS 02 TAGUATINGA,2,UBS
saude_sala_situacao_2.127,127,MULTIPOINT ((168483.76902890555 8250623.4220346)),127,-48.094193,-15.801127,sim,0010960,UBS 7 Taguatinga,UBS 07 TAGUATINGA,2,UBS
saude_sala_situacao_2.128,128,MULTIPOINT ((187239.4579485361 8249080.362514666)),128,-47.919506,-15.817481,nao,DIVISA,DIVISA,Diretoria de Vigilância Sanitária,68,ADMC
saude_sala_situacao_2.129,129,MULTIPOINT ((190397.9277880506 8251146.417680043)),129,-47.889785,-15.799221,nao,CPD,CPD,CPD - SES/DF,68,ADMC
saude_sala_situacao_2.130,130,MULTIPOINT ((182338.25689172617 8249377.762743849)),130,-47.965174,-15.814176,nao,APOIO,Parque de Apoio,PARQUE DE APOIO - SES,68,ADMC
saude_sala_situacao_2.131,131,MULTIPOINT ((215631.08820638031 8272239.442866165)),131,-47.651985,-15.611736,sim,9768637,UBS 20 Planaltina,UBS 20 PLANALTINA,2,UBS
saude_sala_situacao_2.132,132,MULTIPOINT ((161719.08973866497 8264241.369324572)),132,-48.155364,-15.677292,nao,9571280,UBS 8 Brazlândia,UBS 8 TORRE DE BRAZLANDIA,2,UBS
saude_sala_situacao_2.133,133,MULTIPOINT ((187701.3533665517 8261133.9952596035)),133,-47.9136441,-15.7087085,sim,5117666,UBS 5 Asa Norte,UBS 5 GRANJA DO TORTO,2,UBS
saude_sala_situacao_2.134,134,MULTIPOINT ((173613.4793144621 8245172.104909727)),134,-48.047102094,-15.851016269,sim,0010626,UBS 5 Taguatinga,UBS 05 TAGUATINGA,2,UBS
saude_sala_situacao_2.135,135,MULTIPOINT ((173259.40951112565 8228016.760121341)),135,-48.052746,-16.005841,sim,0010847,UBS 3 Gama,UBS 3 GAMA,2,UBS
saude_sala_situacao_2.136,136,MULTIPOINT ((195854.7963350764 8270749.0722264685)),136,-47.836444,-15.62289,sim,7041594,UBS 6 Sobradinho II,UBS 6 VALE DAS ACACIAS SOBRADINHO II,2,UBS
saude_sala_situacao_2.137,137,MULTIPOINT ((197648.94336109638 8268973.9904070925)),137,-47.819946,-15.639134,sim,7368895,UBS 2 Sobradinho II,UBS 2 SOBRADINHO II,2,UBS
saude_sala_situacao_2.138,138,MULTIPOINT ((195772.45251690428 8269328.526440202)),138,-47.837388,-15.635707,sim,7686730,UBS 5 Sobradinho II,UBS 5 SETOR DE MANSOES SOBRADINHO II,2,UBS
saude_sala_situacao_2.139,139,MULTIPOINT ((172224.3808062488 8246922.579382214)),139,-48.059819,-15.835031,sim,0010588,Policlínica Taguatinga,POLICLINICA DE TAGUATINGA,4,Policlinica
saude_sala_situacao_2.140,140,MULTIPOINT ((200567.96207085025 8268007.127642728)),140,-47.792863,-15.648213,sim,9414754,Policlínica Sobradinho,POLICLINICA DE SOBRADINHO,4,Policlinica
saude_sala_situacao_2.141,141,MULTIPOINT ((187239.4579485361 8249080.362514666)),141,-47.919506,-15.817481,sim,0010766,CEO 712 912 Sul,CEO 712 912 SUL,36,Centro de Especialidade
saude_sala_situacao_2.142,142,MULTIPOINT ((190676.46289195737 8252728.902860028)),142,-47.88698503,-15.78496722,sim,0011142,COMPP,COMPP - CENTRO DE ORIENTACAO MEDICO PSICOPEDAGOGICO,36,Centro de Especialidade
saude_sala_situacao_2.323,323,MULTIPOINT ((179761.15836129553 8228041.52549262)),323,-47.992057,-16.006472,sim,7493576,UBS 4 Santa Maria,UBS 4 SANTA MARIA,2,UBS
saude_sala_situacao_2.143,143,MULTIPOINT ((171607.8971637173 8250603.282338121)),143,-48.065067,-15.801722,sim,0011193,Cent Radiologia Tagua,CENTRAL DE RADIOLOGIA DE TAGUATINGA,39,Apoio diagnostico
saude_sala_situacao_2.144,144,MULTIPOINT ((190794.40803807462 8252715.039467575)),144,-47.885887,-15.785107,sim,0011339,FHB,FUNDACAO HEMOCENTRO,69,Hemocentro
saude_sala_situacao_2.145,145,MULTIPOINT ((192363.10364190838 8252842.929849304)),145,-47.871243,-15.784146,nao,0011371,LACEN,LACEN DF,67,LACEN
saude_sala_situacao_2.146,146,MULTIPOINT ((164688.39305211074 8248593.442574741)),146,-48.12986111,-15.81894444,sim,0011479,Lab Regional Ceil,LABORATORIO REGIONAL DE CEILANDIA,39,Apoio diagnostico
saude_sala_situacao_2.147,147,MULTIPOINT ((201957.96843104 8253274.672262332)),147,-47.781716,-15.781411,sim,2645157,HRL,HRL,5,Hospital
saude_sala_situacao_2.148,148,MULTIPOINT ((181493.67364333512 8247288.250898581)),148,-47.973326,-15.832933,sim,0011665,Lab Regional Guará,LABORATORIO REGIONAL DO GUARA,39,Apoio diagnostico
saude_sala_situacao_2.149,149,MULTIPOINT ((190515.98556773958 8249235.871837056)),149,-47.888929,-15.816486,sim,0011347,Adolescentro,ADOLESCENTRO BRASILIA,36,Centro de Especialidade
saude_sala_situacao_2.150,150,MULTIPOINT ((191108.92196043726 8251827.941665523)),150,-47.8830676,-15.7931556,sim,2616726,NTA-DF,NTA,39,Apoio diagnostico
saude_sala_situacao_2.151,151,MULTIPOINT ((181493.67364333512 8247288.250898581)),151,-47.973326,-15.832933,sim,3372375,CAPS Guará,CAPS GUARA,70,CAPS
saude_sala_situacao_2.152,152,MULTIPOINT ((187607.19755991455 8255602.592276288)),152,-47.9152337,-15.7586391,nao,2649527,HAB,HOSPITAL DE APOIO DE BRASILIA-HAB,7,Hospital Especializado
saude_sala_situacao_2.153,153,MULTIPOINT ((190559.83743698744 8251038.220761236)),153,-47.888289,-15.800218,nao,3206874,Banco de Olhos,BANCO DE ORGAOS E TECIDOS DO DISTRITO FEDERAL,39,Apoio diagnostico
saude_sala_situacao_2.154,154,MULTIPOINT ((179703.40730062017 8227417.742542482)),154,-47.99268,-16.012096,nao,7494424,Ultramed,ULTRAMED,36,Centro de Especialidade
saude_sala_situacao_2.155,155,MULTIPOINT ((188267.98775982182 8247301.271006932)),155,-47.910144,-15.833673,nao,3055450,CBV,CBV,7,Hospital Especializado
saude_sala_situacao_2.156,156,MULTIPOINT ((189787.366487568 8255134.350872701)),156,-47.894967198,-15.763138155,nao,3077098,Ceal LP,ASSOCIACAO DE OBRAS PAVONIANAS DE ASSISTENCIA,36,Centro de Especialidade
saude_sala_situacao_2.157,157,MULTIPOINT ((187980.92711821222 8249560.597174707)),157,-47.912529,-15.813238,nao,3056414,Diagnostik,DIAGNOSTIK,36,Centro de Especialidade
saude_sala_situacao_2.158,158,MULTIPOINT ((199393.81820875691 8267536.599379106)),158,-47.803863,-15.652322,nao,5479878,Seane Serv Assist Clin,DAVITA SERVICOS DE NEFROLOGIA DISTRITO FEDERAL LTDA,36,Centro de Especialidade
saude_sala_situacao_2.159,159,MULTIPOINT ((168090.4254411913 8249084.166377176)),159,-48.098072,-15.81497,nao,7491484,CNRV,CLINICA DE NEFROLOGIA RENAL VIDA - CNRV,36,Centro de Especialidade
saude_sala_situacao_2.160,160,MULTIPOINT ((170739.85044166702 8227539.124186773)),160,-48.076328,-16.009817,nao,7990820,SAMU USA Gama,SAMU DF USA - GAMA,42,SAMU
saude_sala_situacao_2.161,161,MULTIPOINT ((215566.25921114325 8270709.233426049)),161,-47.652767,-15.625548,sim,0010529,HRPl,HRPL,5,Hospital
saude_sala_situacao_2.162,162,MULTIPOINT ((189635.50142327347 8248446.797847539)),162,-47.897242,-15.823501,sim,0010537,HMIB,HOSPITAL MATERNO INFANTIL DE BRASILIA - HMIB,5,Hospital
saude_sala_situacao_2.163,163,MULTIPOINT ((191165.5584613199 8252660.430216815)),163,-47.8824331,-15.785646,sim,0010464,HRAN,HRAN,5,Hospital
saude_sala_situacao_2.164,164,MULTIPOINT ((200567.96207085025 8268007.127642728)),164,-47.792863,-15.648213,sim,0010502,HRS,HRS,5,Hospital
saude_sala_situacao_2.165,165,MULTIPOINT ((190559.83743698744 8251038.220761236)),165,-47.888289,-15.800218,sim,0010456,IHBDF,INSTITUTO HOSPITAL DE BASE DO DISTRITO FEDERAL,5,Hospital
saude_sala_situacao_2.166,166,MULTIPOINT ((156530.78557023045 8264380.848094099)),166,-48.203685,-15.67533,sim,0010545,HRBz,HRBZ,5,Hospital
saude_sala_situacao_2.167,167,MULTIPOINT ((172213.7711533138 8246708.967764497)),167,-48.059947,-15.836958,sim,0010618,HSVP,HOSPITAL SAO VICENTE DE PAULO - HSVP,7,Hospital Especializado
saude_sala_situacao_2.168,168,MULTIPOINT ((168355.0656201063 8249035.512340089)),168,-48.09561111,-15.81544444,sim,0010480,HRC,HOSPITAL REGIONAL DE CEILANDIA,5,Hospital
saude_sala_situacao_2.169,169,MULTIPOINT ((182621.79607038456 8249316.081936014)),169,-47.962538,-15.814769,sim,7382243,Oficina Ortopédica DF,OFICINA ORTOPEDICA DO DISTRITO FEDERAL,79,Oficina Ortopedica
saude_sala_situacao_2.170,170,MULTIPOINT ((165635.88986211736 8247911.466732861)),170,-48.121121,-15.825228,sim,7465157,UPA Ceilândia,UNIDADE DE PRONTO ATENDIMENTO CEILANDIA,73,UPA
saude_sala_situacao_2.171,171,MULTIPOINT ((215776.3017068589 8270834.431620165)),171,-47.650795,-15.624441,sim,7366442,UOM Planaltina,UOM DE PLANALTINA,40,Unid Movel Terrestre
saude_sala_situacao_2.172,172,MULTIPOINT ((166908.62724141043 8248908.339531727)),172,-48.109115601,-15.816399574,nao,7991177,SAMU USB Ceil. I,SAMU DF USB - CEILANDIA I,42,SAMU
saude_sala_situacao_2.173,173,MULTIPOINT ((167893.36834708677 8241305.104098152)),173,-48.100982666,-15.885167122,nao,7991185,SAMU USB Samab. I,SAMU DF USB - SAMAMBAIA I,42,SAMU
saude_sala_situacao_2.174,174,MULTIPOINT ((172350.66667439463 8239490.987589108)),174,-48.059654236,-15.902136803,nao,7991193,SAMU USB Rec. Emas II,SAMU DF USB - RECANTO DAS EMAS II,42,SAMU
saude_sala_situacao_2.175,175,MULTIPOINT ((166908.62724141043 8248908.339531727)),175,-48.109115601,-15.816399574,nao,7991207,SAMU USB Ceil. II,SAMU DF USB - CEILANDIA II,42,SAMU
saude_sala_situacao_2.176,176,MULTIPOINT ((165645.73437313602 8247912.942455276)),176,-48.121029,-15.825216,nao,7991215,SAMU USB Ceil. III,SAMU DF USB - CEILANDIA III,42,SAMU
saude_sala_situacao_2.177,177,MULTIPOINT ((215779.38999445742 8270767.47861368)),177,-47.650774,-15.625046,sim,9505709,Policlínica Planaltina,POLICLINICA DE PLANALTINA,4,Policlinica
saude_sala_situacao_2.178,178,MULTIPOINT ((168243.5155277425 8248949.948985719)),178,-48.096663,-15.816202,sim,9578501,Policlínica Ceilândia II,POLICLINICA DA REGIAO OESTE UNIDADE CEILANDIA II,4,Policlinica
saude_sala_situacao_2.179,179,MULTIPOINT ((156477.9360309115 8264440.426759649)),179,-48.204169,-15.674785,sim,9578536,Policlínica Brazlândia,POLICLINA DA REGIAO OESTE UNIDADE BRAZLANDIA,4,Policlinica
saude_sala_situacao_2.180,180,MULTIPOINT ((201852.49727783608 8253327.874811476)),180,-47.782693,-15.780918,sim,9516212,Policlínica Paranoá,POLICLINICA DA ATENCAO SECUNDARIA PARANOA,4,Policlinica
saude_sala_situacao_2.181,181,MULTIPOINT ((182390.5565394488 8243137.246551458)),181,-47.9655093,-15.87052436,sim,9548858,Policlínica N. Band.,POLICLINICA NUCLEO BANDEIRANTE,4,Policlinica
saude_sala_situacao_2.182,182,MULTIPOINT ((191329.16563628963 8255321.382117589)),182,-47.8805681,-15.7616402,sim,9499725,CEDOH Asa Norte,CEDOH ASA NORTE,4,Policlinica
saude_sala_situacao_2.183,183,MULTIPOINT ((186763.59105190536 8248163.203845788)),183,-47.924063,-15.825702,sim,9580816,Policlínica 514 Sul,POLICLINICA - ASA SUL,4,Policlinica
saude_sala_situacao_2.184,184,MULTIPOINT ((194263.88836950716 8245972.779236442)),184,-47.854389,-15.846412,sim,9578277,Policlínica 3 Lago Sul,POLICLINICA - LAGO SUL,4,Policlinica
saude_sala_situacao_2.185,185,MULTIPOINT ((203108.78526108543 8239908.7594943065)),185,-47.772632,-15.902241,sim,9516204,Policlínica S. Sebast.,POLICLINICA DA ATENCAO SECUNDARIA DE SAO SEBASTIAO,4,Policlinica
saude_sala_situacao_2.186,186,MULTIPOINT ((167373.67446427082 8246794.362086402)),186,-48.105071,-15.835545,sim,9578544,Policlínica Ceilândia I,POLICLINICA DA REGIAO OESTE UNIDADE CEILANDIA I,4,Policlinica
saude_sala_situacao_2.187,187,MULTIPOINT ((176694.82017523557 8241513.324341608)),223,-48.018856049,-15.884449959,nao,7991428,SAMU USB R Fundo,SAMU DF USB - RIACHO FUNDO,42,SAMU
saude_sala_situacao_2.188,188,MULTIPOINT ((190559.83743698744 8251038.220761236)),187,-47.888289,-15.800218,nao,9354514,Org Proc Órgãos e Tecidos,ORGANIZACAO DE PROCURA DE ORGAOS E TECIDOS,82,Central
saude_sala_situacao_2.189,189,MULTIPOINT ((172221.97916530288 8246932.846107165)),188,-48.05984,-15.834938,nao,9620109,Lab. Cent.  R.S. Sudoeste,LABORATORIO CENTRAL DA REGIAO DE SAUDE SUDOESTE,39,Apoio diagnostico
saude_sala_situacao_2.190,190,MULTIPOINT ((156893.59357499954 8264727.106372057)),189,-48.200256,-15.672254,sim,9589724,CAPS Brazlândia,CENTRO DE ATENCAO PSICOSSOCIAL I BRAZLANDIA,70,CAPS
saude_sala_situacao_2.191,191,MULTIPOINT ((171102.7813545618 8248267.143327365)),190,-48.070095,-15.822745,sim,9621709,Policlínica II Taguatinga,POLICLINICA DE TAGUATINGA UNIDADE II,4,Policlinica
saude_sala_situacao_2.192,192,MULTIPOINT ((180059.06916338252 8248895.550975914)),191,-47.986492,-15.818238,nao,9715797,CEO-Guará,CENTRO ESPECIALIZADO DE ODONTOLOGIA DO GUARA,36,Centro de Especialidade
saude_sala_situacao_2.193,193,MULTIPOINT ((191222.75780013506 8252760.116159215)),192,-47.881887,-15.784753,sim,9778136,CEO - Asa Norte,CEO - ASA NORTE,36,Centro de Especialidade
saude_sala_situacao_2.194,194,MULTIPOINT ((168243.5155277425 8248949.948985719)),193,-48.096663,-15.816202,sim,9676473,CEO-Ceilândia I,CENTRO DE ESPECIALIDADES ODONTOLOGICAS-CEILANDIA UNIDADE I,36,Centro de Especialidade
saude_sala_situacao_2.195,195,MULTIPOINT ((201859.6547291975 8253273.15138041)),194,-47.782633,-15.781413,sim,9772243,CEO - Paranoá,CEO - CENTRO DE ESPECIALIDADES ODONTOLOGICAS,36,Centro de Especialidade
saude_sala_situacao_2.196,196,MULTIPOINT ((172228.46991393506 8246928.953006331)),195,-48.05978,-15.834974,sim,9622845,CEO Policl Taguatinga,CEO POLICLINICA DE TAGUATINGA,36,Centro de Especialidade
saude_sala_situacao_2.197,197,MULTIPOINT ((191222.75780013506 8252760.116159215)),196,-47.881887,-15.784753,sim,9778144,Policlínica Asa Norte,POLICLINICA - ASA NORTE,4,Policlinica
saude_sala_situacao_2.198,198,MULTIPOINT ((200559.2912004477 8267866.92344601)),197,-47.792961,-15.649478,sim,9690719,CEO-Sobradinho,CEO - SOBRADINHO,36,Centro de Especialidade
saude_sala_situacao_2.199,199,MULTIPOINT ((200445.13743266917 8267767.745326348)),198,-47.794037,-15.65036,nao,7990804,SAMU USA Sob.,SAMU DF USA - SOBRADINHO,42,SAMU
saude_sala_situacao_2.200,200,MULTIPOINT ((186056.58060263208 8253215.209370526)),199,-47.93,-15.78,sim,7902158,Carr Odontologica 1,CARRETA ODONTOLOGICA 1,40,Unid Movel Terrestre
saude_sala_situacao_2.201,201,MULTIPOINT ((186056.58060263208 8253215.209370526)),200,-47.93,-15.78,sim,7902166,Carr Odontologica 2,CARRETA ODONTOLOGICA 2,40,Unid Movel Terrestre
saude_sala_situacao_2.202,202,MULTIPOINT ((186056.58060263208 8253215.209370526)),201,-47.93,-15.78,sim,7902174,Carr Oftalmologica,CARRETA OFTALMOLOGICA,40,Unid Movel Terrestre
saude_sala_situacao_2.203,203,MULTIPOINT ((176241.0503368472 8248733.36270807)),202,-48.022117615,-15.819209099,nao,7990839,SAMU USB Vicente Pires,SAMU DF USB - VICENTE PIRES,42,SAMU
saude_sala_situacao_2.204,204,MULTIPOINT ((170962.5249682183 8249432.080968872)),203,-48.071244,-15.81221,sim,7957645,CEREST Sudoeste,CEREST DA REGIAO SUDOESTE,36,Centro de Especialidade
saude_sala_situacao_2.205,205,MULTIPOINT ((188106.2718561843 8253656.03575463)),204,-47.910831451,-15.776276588,nao,7990871,SAMU USB P. Piloto II,SAMU DF USB - PLANO PILOTO II,42,SAMU
saude_sala_situacao_2.206,206,MULTIPOINT ((167893.36834708677 8241305.104098152)),205,-48.100982666,-15.885167122,nao,7990847,SAMU USA Samab.,SAMU DF USA - SAMAMBAIA,42,SAMU
saude_sala_situacao_2.207,207,MULTIPOINT ((166908.62724141043 8248908.339531727)),206,-48.109115601,-15.816399574,nao,7990863,SAMU USA Ceil.,SAMU DF USA - CEILANDIA,42,SAMU
saude_sala_situacao_2.208,208,MULTIPOINT ((192803.73401358462 8254522.171789634)),207,-47.866921,-15.769038,nao,7957882,Lab de Pesq Doença Celiaca,LABORATORIO DE PEQUISAS EM DOENCA CELIACA,80,Laboratorio de Saude Publica
saude_sala_situacao_2.209,209,MULTIPOINT ((166908.62724141043 8248908.339531727)),208,-48.109115601,-15.816399574,nao,7991495,SAMU Motol. Ceil. III,SAMU DF MOTOLANCIA - CEILANDIA I,42,SAMU
saude_sala_situacao_2.210,210,MULTIPOINT ((168355.0656201063 8249035.512340089)),209,-48.09561111,-15.81544444,sim,9578560,CEO-Ceilândia II,CENTRO DE ESPECIALIDADES ODONTOLOGICAS CEO 11,36,Centro de Especialidade
saude_sala_situacao_2.211,211,MULTIPOINT ((176694.82017523557 8241513.324341608)),210,-48.018856049,-15.884449959,nao,7991320,SAMU Motol. R Fundo I,SAMU DF MOTOLANCIA - GUARA I,42,SAMU
saude_sala_situacao_2.212,212,MULTIPOINT ((170739.85044166702 8227539.124186773)),211,-48.076328,-16.009817,nao,7991304,SAMU USB Gama II,SAMU DF USB - GAMA II,42,SAMU
saude_sala_situacao_2.213,213,MULTIPOINT ((172065.74203258916 8251377.3772518225)),212,-48.060693,-15.794794,nao,7991312,SAMU USB Tag. III A. Claras,SAMU DF USB - TAGUATINGA III (AGUAS CLARAS),42,SAMU
saude_sala_situacao_2.214,214,MULTIPOINT ((202011.89938793128 8240734.261567929)),213,-47.782764435,-15.894655228,nao,7991339,SAMU USB S. Sebast. I,SAMU DF USB - SAO SEBASTIAO I,42,SAMU
saude_sala_situacao_2.215,215,MULTIPOINT ((200445.13743266917 8267767.745326348)),214,-47.794037,-15.65036,nao,7991347,SAMU Motol. Sob. I,SAMU DF MOTOLANCIA - SOBRADINHO I,42,SAMU
saude_sala_situacao_2.216,216,MULTIPOINT ((172350.66667439463 8239490.987589108)),215,-48.059654236,-15.902136803,nao,7991363,SAMU USB Rec. Emas I,SAMU DF USB - RECANTO DAS EMAS I,42,SAMU
saude_sala_situacao_2.217,217,MULTIPOINT ((172065.74203258916 8251377.3772518225)),216,-48.060693,-15.794794,nao,7991444,SAMU USA Tagua.,SAMU DF USA - TAGUATINGA,42,SAMU
saude_sala_situacao_2.218,218,MULTIPOINT ((181735.14408585167 8250737.375303017)),217,-47.970619,-15.801824,nao,7991452,SAMU USA P. Piloto,SAMU DF USA - PLANO PILOTO,42,SAMU
saude_sala_situacao_2.219,219,MULTIPOINT ((176241.0503368472 8248733.36270807)),218,-48.022117615,-15.819209099,nao,7991371,SAMU Motol. Tagua. I,SAMU DF MOTOLANCIA - TAGUATINGA I,42,SAMU
saude_sala_situacao_2.220,220,MULTIPOINT ((176694.82017523557 8241513.324341608)),219,-48.018856049,-15.884449959,nao,7991460,SAMU USA Neo,SAMU DF USA - NEO,42,SAMU
saude_sala_situacao_2.221,221,MULTIPOINT ((172350.66667439463 8239490.987589108)),220,-48.059654236,-15.902136803,nao,7991398,SAMU Motol. Rec. Emas I,SAMU DF MOTOLANCIA - RECANTO DAS EMAS I,42,SAMU
saude_sala_situacao_2.222,222,MULTIPOINT ((170739.85044166702 8227539.124186773)),221,-48.076328,-16.009817,nao,7991401,SAMU Motol. Gama I,SAMU DF MOTOLANCIA - GAMA I,42,SAMU
saude_sala_situacao_2.223,223,MULTIPOINT ((200445.13743266917 8267767.745326348)),222,-47.794037,-15.65036,nao,7991487,SAMU Motol. Sob. II,SAMU DF MOTOLANCIA - SOBRADINHO II,42,SAMU
saude_sala_situacao_2.224,224,MULTIPOINT ((175092.27877487848 8243256.014577471)),224,-48.033569,-15.868508,nao,0011304,Nephron,NEPHRON BRASILIA SERVICOS MEDICOS,36,Centro de Especialidade
saude_sala_situacao_2.225,225,MULTIPOINT ((172312.70506361092 8247743.675902417)),225,-48.0588837,-15.8276301,nao,2616955,Radiograph,RADIOGRAPH CLINICA DE IMAGEM,36,Centro de Especialidade
saude_sala_situacao_2.226,226,MULTIPOINT ((170610.66137657536 8244770.696586586)),226,-48.075162,-15.854244,nao,2779056,IDR,IDR SAMAMBAIA SERVICOS MEDICOS,39,Apoio diagnostico
saude_sala_situacao_2.227,227,MULTIPOINT ((186367.36916689697 8248318.944673846)),227,-47.927738,-15.824246,nao,2779420,Soclimed,SOCLIMED,36,Centro de Especialidade
saude_sala_situacao_2.228,228,MULTIPOINT ((166141.61784809188 8247473.212929226)),228,-48.116466,-15.829252,nao,3018520,Hosp S Francisco,HOSPITAL SAO FRANCISCO,5,Hospital
saude_sala_situacao_2.229,229,MULTIPOINT ((186304.14302412665 8248577.679741025)),229,-47.928294,-15.821902,nao,3224228,Renal Care,RENAL CARE PREVENCAO E TRATAMENTO,36,Centro de Especialidade
saude_sala_situacao_2.230,230,MULTIPOINT ((189391.1776056112 8257116.9637027895)),230,-47.898407,-15.745188,nao,9271961,Vitailaboratorio,VITAILABORATORIO E IMAGEM,39,Apoio diagnostico
saude_sala_situacao_2.231,231,MULTIPOINT ((192107.96056354634 8254195.608440932)),231,-47.87345,-15.771901,nao,0010510,HUB,HOSPITAL UNIVERSITARIO DE BRASILIA,5,Hospital
saude_sala_situacao_2.232,232,MULTIPOINT ((190501.56190881622 8250378.433948615)),232,-47.888917,-15.806168,sim,2816741,Farm Alto Custo Asa Sul,FARMACIA DE ALTO CUSTO - ASA SUL,43,Farmacia
saude_sala_situacao_2.233,233,MULTIPOINT ((170818.69111048785 8244879.31568677)),233,-48.073207,-15.853291,sim,2672197,HRSam,HRSAM - HOSPITAL REGIONAL DE SAMAMBAIA,5,Hospital
saude_sala_situacao_2.234,234,MULTIPOINT ((175032.79481535626 8240623.493311899)),234,-48.03448,-15.892266,sim,2649535,CAPS Riacho Fundo,CAPS RIACHO FUNDO,70,CAPS
saude_sala_situacao_2.235,235,MULTIPOINT ((172248.9739181251 8246861.238339047)),235,-48.059598,-15.835588,sim,7948824,CER II,CER II,36,Centro de Especialidade
saude_sala_situacao_2.236,236,MULTIPOINT ((172953.23689508246 8247003.759942838)),236,-48.053011,-15.834394,sim,5447410,CAPS Taguatinga II,CAPS II TAGUATINGA,70,CAPS
saude_sala_situacao_2.237,237,MULTIPOINT ((167974.537953304 8241497.188659862)),237,-48.100199,-15.883444,sim,6708714,UPA Tipo III Samamb.,UPA TIPO III SAMAMBAIA,73,UPA
saude_sala_situacao_2.238,238,MULTIPOINT ((201957.96843104 8253274.672262332)),238,-47.781716,-15.781411,sim,5167892,CAPS Paranoá,CAPS II PARANOA,70,CAPS
saude_sala_situacao_2.239,239,MULTIPOINT ((187239.4579485361 8249080.362514666)),239,-47.919506,-15.817481,sim,6387527,CEREST Estadual,CEREST ESTADUAL,36,Centro de Especialidade
saude_sala_situacao_2.240,240,MULTIPOINT ((215776.3017068589 8270834.431620165)),240,-47.650795,-15.624441,sim,6666701,CAPS Planaltina,CAPS II PLANALTINA,70,CAPS
saude_sala_situacao_2.241,241,MULTIPOINT ((166817.30596018367 8248807.684287804)),241,-48.109981,-15.817296,sim,6585760,CAPS Ceilândia,CENTRO DE ATENCAO PSICOSSOCIAL AD III CEILANDIA,70,CAPS
saude_sala_situacao_2.242,242,MULTIPOINT ((175032.79481535626 8240623.493311899)),242,-48.03448,-15.892266,sim,6959709,Farmácia Viva,FARMACIA VIVA,43,Farmacia
saude_sala_situacao_2.243,243,MULTIPOINT ((180606.97456558235 8242507.8408997515)),243,-47.98223,-15.875978,sim,7111924,UPA N Bandeirante,UPA NUCLEO BANDEIRANTE,73,UPA
saude_sala_situacao_2.244,244,MULTIPOINT ((172606.65120660572 8238423.769244228)),244,-48.057412,-15.911805,sim,7078730,UPA Rec Emas,UPA RECANTO DAS EMAS,73,UPA
saude_sala_situacao_2.245,245,MULTIPOINT ((171058.35984846088 8248650.098948639)),245,-48.070457,-15.819282,sim,7238703,CAPS Taguainga I,CAPS I TAGUATINGA,70,CAPS
saude_sala_situacao_2.246,246,MULTIPOINT ((168062.8972744675 8241481.549498946)),246,-48.099377,-15.883597,sim,7282494,CAPS Samamb. II,CAPS AD III SAMAMBAIA,70,CAPS
saude_sala_situacao_2.247,247,MULTIPOINT ((167919.16010167758 8237651.424460812)),247,-48.101248,-15.918153,sim,7698437,CAPS Rec Emas,CAPS I RECANTO DAS EMAS,70,CAPS
saude_sala_situacao_2.248,248,MULTIPOINT ((190368.80127434141 8251346.260655163)),248,-47.890031,-15.797413,sim,7219695,CAPS Brasília Rodov.,CAPS AD BRASILIA RODOVIARIA,70,CAPS
saude_sala_situacao_2.249,249,MULTIPOINT ((190076.13724950067 8254012.641130784)),249,-47.8924184,-15.7733019,sim,7379110,CAPS Brasília II,CAPS BRASILIA UNIDADE II,70,CAPS
saude_sala_situacao_2.250,250,MULTIPOINT ((200300.15765172313 8267361.401085989)),250,-47.795438,-15.654012,sim,7552270,CAPS Sobradinho I,CAPS I SOBRADINHO,70,CAPS
saude_sala_situacao_2.251,251,MULTIPOINT ((197685.2616086728 8268913.894794026)),251,-47.819615,-15.639681,sim,7592477,UPA Sobradinho,UPA SOBRADINHO,73,UPA
saude_sala_situacao_2.252,252,MULTIPOINT ((181620.4195336781 8248261.702470763)),252,-47.972015381,-15.824160576,nao,7398611,SAMU USB Guara II,SAMU DF USB - GUARA II,42,SAMU
saude_sala_situacao_2.253,253,MULTIPOINT ((178425.25624636852 8227303.348593987)),253,-48.004626,-16.012962,sim,7055919,CAPS Santa Maria,CAPS AD SANTA MARIA,70,CAPS
saude_sala_situacao_2.254,254,MULTIPOINT ((204061.6696688956 8257349.860527892)),254,-47.7616,-15.744862,sim,7094116,CAPS Itapoã,CAPS AD ITAPOA,70,CAPS
saude_sala_situacao_2.255,255,MULTIPOINT ((202555.28629262547 8240051.355661445)),255,-47.777779,-15.900887,sim,7116756,UPA São Sebastião,UPA - UNIDADE DE PRONTO ATENDIMENTO DE SAO SEBASTIAO,73,UPA
saude_sala_situacao_2.256,256,MULTIPOINT ((190676.46289195737 8252728.902860028)),256,-47.88698503,-15.78496722,sim,7740794,CAPS Brasília I,CAPSI ASA NORTE,70,CAPS
saude_sala_situacao_2.257,257,MULTIPOINT ((172225.9760310186 8246923.488823231)),257,-48.059804,-15.835023,sim,7988303,CER,CER,36,Centro de Especialidade
saude_sala_situacao_2.258,258,MULTIPOINT ((181735.14408585167 8250737.375303017)),258,-47.970619,-15.801824,nao,7765916,SAMU CRDF,CENTRAL DE REGULACAO DO SAMU DISTRITO FEDERAL,76,Central
saude_sala_situacao_2.259,259,MULTIPOINT ((181620.4195336781 8248261.702470763)),259,-47.972015381,-15.824160576,nao,7790880,SAMU Motol. Guara I,SAMU DF MOTOLANCIA - PLANO PILOTO I,42,SAMU
saude_sala_situacao_2.260,260,MULTIPOINT ((181620.4195336781 8248261.702470763)),260,-47.972015381,-15.824160576,nao,7790902,SAMU Motol. Guara II,SAMU DF MOTOLANCIA - PLANO PILOTO II,42,SAMU
saude_sala_situacao_2.261,261,MULTIPOINT ((190559.83743698744 8251038.220761236)),261,-47.888289,-15.800218,nao,7905610,CDT,CENTRAL ESTADUAL DE TRANSPLANTES DO DISTRITO FEDERAL,82,Central
saude_sala_situacao_2.262,262,MULTIPOINT ((183987.81644570146 8245015.83063253)),262,-47.950363159,-15.853767395,nao,7990901,SAMU USB Band.,SAMU DF USB - BANDEIRANTE,42,SAMU
saude_sala_situacao_2.263,263,MULTIPOINT ((188106.2718561843 8253656.03575463)),263,-47.910831451,-15.776276588,nao,7990944,SAMU USB P. Piloto I,SAMU DF USB - PLANO PILOTO I,42,SAMU
saude_sala_situacao_2.264,264,MULTIPOINT ((201921.94271509803 8255604.846884916)),264,-47.781764984,-15.760365486,nao,7990952,SAMU USB Paranoa I,SAMU DF USB - PARANOA I,42,SAMU
saude_sala_situacao_2.265,265,MULTIPOINT ((172065.74203258916 8251377.3772518225)),265,-48.060693,-15.794794,nao,7990960,SAMU USB Tagua. I,SAMU DF USB - TAGUATINGA I,42,SAMU
saude_sala_situacao_2.266,266,MULTIPOINT ((172065.74203258916 8251377.3772518225)),266,-48.060693,-15.794794,nao,7990979,SAMU USB Tagua. II,SAMU DF USB - TAGUATINGA II,42,SAMU
saude_sala_situacao_2.267,267,MULTIPOINT ((215565.04264187085 8270720.734160036)),267,-47.652777,-15.625444,nao,7990987,SAMU USB Plan. I,SAMU DF USB - PLANALTINA I,42,SAMU
saude_sala_situacao_2.268,268,MULTIPOINT ((215565.04264187085 8270720.734160036)),268,-47.652777,-15.625444,nao,7991029,SAMU USB Plan. II,SAMU DF USB - PLANALTINA II,42,SAMU
saude_sala_situacao_2.269,269,MULTIPOINT ((200445.13743266917 8267767.745326348)),269,-47.794037,-15.65036,nao,7991053,SAMU USB Sob. I,SAMU DF USB - SOBRADINHO I,42,SAMU
saude_sala_situacao_2.270,270,MULTIPOINT ((170739.85044166702 8227539.124186773)),270,-48.076328,-16.009817,nao,7991096,SAMU USB Gama I,SAMU DF USB - GAMA I,42,SAMU
saude_sala_situacao_2.271,271,MULTIPOINT ((167893.36834708677 8241305.104098152)),271,-48.100982666,-15.885167122,nao,7991169,SAMU USB Samab. II,SAMU DF USB - SAMAMBAIA II,42,SAMU
saude_sala_situacao_2.272,272,MULTIPOINT ((181620.4195336781 8248261.702470763)),272,-47.972015381,-15.824160576,nao,9002960,SAMU USB Guara I,SAMU DF USB - GUARA I,42,SAMU
saude_sala_situacao_2.273,273,MULTIPOINT ((170912.4834590946 8241820.248514685)),273,-48.072751,-15.880919,sim,9548866,Policlínica I R. Fundo I,POLICLINICA RIACHO FUNDO I - UNIDADE I,4,Policlinica
saude_sala_situacao_2.274,274,MULTIPOINT ((170867.60089221166 8244878.260611968)),274,-48.072751,-15.853307,sim,9561579,Policlínica Samambaia,POLICLINICA DE SAMAMBAIA,4,Policlinica
saude_sala_situacao_2.275,275,MULTIPOINT ((215511.29701674043 8270839.983958983)),275,-47.653264,-15.624361,sim,9690735,CEO-Planaltina,CEO PLANALTINA,36,Centro de Especialidade
saude_sala_situacao_2.276,276,MULTIPOINT ((180059.06916338252 8248895.550975914)),276,-47.986492,-15.818238,sim,9620311,Policlínica Guará I,POLICLINICA GUARA I,4,Policlinica
saude_sala_situacao_2.277,277,MULTIPOINT ((171202.25030498946 8248314.568331236)),277,-48.069161,-15.82233,sim,9622918,CEO-Taguatinga,CEO TAGUATINGA,36,Centro de Especialidade
saude_sala_situacao_2.278,278,MULTIPOINT ((188869.01092699973 8258481.813195765)),278,-47.9031,-15.7328,nao,6963447,ADMC - SES/DF,SECRETARIA DE SAUDE DO DISTRITO FEDERAL,68,ADMC
saude_sala_situacao_2.279,279,MULTIPOINT ((185475.74202821776 8250746.728412768)),279,-47.935737,-15.802214,nao,3276678,ICDF,INSTITUTO DE CARDIOLOGIA DO DISTRITO FEDERAL,7,Hospital Especializado
saude_sala_situacao_2.280,280,MULTIPOINT ((167893.36834708677 8241305.104098152)),280,-48.100982666,-15.885167122,nao,7942524,SAMU USA NUSAM,SAMU DF USA - NUSAM,42,SAMU
saude_sala_situacao_2.281,281,MULTIPOINT ((184740.2316634002 8251832.407190558)),281,-47.942454,-15.792319,nao,6730914,Hosp S Mateus,HOSPITAL SAO MATEUS,5,Hospital
saude_sala_situacao_2.282,282,MULTIPOINT ((204102.82547947794 8257376.644841342)),282,-47.761213,-15.744625,sim,9572481,UBS 3 Itapoã,UBS 3 - ITAPOA,2,UBS
saude_sala_situacao_2.283,283,MULTIPOINT ((174543.79132004856 8228072.3421701025)),283,-48.0407506,-16.0055094,sim,7843135,UBS 16 Gama,UBS 16 ATP GAMA,2,UBS
saude_sala_situacao_2.284,284,MULTIPOINT ((204314.01145663933 8262049.454241745)),284,-47.758675,-15.702454,sim,7687079,UBS 4 Sobradinho,UBS 4 ROTA DO CAVALO SOBRADINHO,2,UBS
saude_sala_situacao_2.285,285,MULTIPOINT ((170794.78525746474 8239435.113912936)),285,-48.074176,-15.902435,sim,7170939,UBS 3 Recanto das Emas,UBS 03 RECANTO DAS EMAS,2,UBS
saude_sala_situacao_2.286,286,MULTIPOINT ((167841.5881951464 8237454.307386782)),286,-48.101999,-15.919922,sim,7417632,UBS 4 Recanto das Emas,UBS 04 RECANTO DAS EMAS,2,UBS
saude_sala_situacao_2.287,287,MULTIPOINT ((162586.11519834626 8241145.583125094)),287,-48.150507,-15.885891,sim,7771479,UBS 11 Samambaia,UBS 11 SAMAMBAIA,2,UBS
saude_sala_situacao_2.288,288,MULTIPOINT ((176239.70319431543 8248734.683495783)),288,-48.02213,-15.819197,sim,9056963,UBS 1 Vicente Pires,UBS 01 VICENTE PIRES,2,UBS
saude_sala_situacao_2.289,289,MULTIPOINT ((170689.5641446893 8243478.797100444)),289,-48.074603,-15.865917,sim,9480587,UBS 12 Samambaia,UBS 12 SAMAMBAIA,2,UBS
saude_sala_situacao_2.290,290,MULTIPOINT ((153016.28984800802 8234764.106416544)),290,-48.240685,-15.94217,sim,9543945,UBS 11 Recanto das Emas,UBS 11 RECANTO DAS EMAS,2,UBS
saude_sala_situacao_2.291,291,MULTIPOINT ((166308.23282873578 8242232.473648947)),291,-48.115639,-15.876583,sim,9647597,UBS 13 Samambaia,UBS 13 SAMAMBAIA,2,UBS
saude_sala_situacao_2.292,292,MULTIPOINT ((167848.06715854438 8237501.594631184)),292,-48.101932,-15.919496,sim,0010804,UBS 1 Recanto das Emas,UBS 01 RECANTO DAS EMAS,2,UBS
saude_sala_situacao_2.293,293,MULTIPOINT ((188887.97330832877 8258522.610136113)),293,-47.902918,-15.732434,nao,3044432,CRDF,COMPLEXO REGULADOR EM SAUDE DO DISTRITO FEDERAL (CRDF),81,Central
saude_sala_situacao_2.294,294,MULTIPOINT ((215511.29701674043 8270839.983958983)),294,-47.653264,-15.624361,nao,6736602,CERPIS,CERPIS,36,Centro de Especialidade
saude_sala_situacao_2.295,295,MULTIPOINT ((167528.71959149663 8249319.9130483745)),295,-48.103277,-15.812767,sim,6926967,Farm Alto Custo Ceil,FARMACIA DE ALTO CUSTO - CEILANDIA,43,Farmacia
saude_sala_situacao_2.296,296,MULTIPOINT ((198013.30013469572 8268138.379216963)),296,-47.816654,-15.646723,sim,5554349,CAPS Sobradinho II,CAPS AD SOBRADINHO,70,CAPS
saude_sala_situacao_2.297,297,MULTIPOINT ((169930.9111994428 8241911.819239392)),297,-48.081894,-15.879962,sim,6665098,CAPS Samambaia I,CAPS III SAMAMBAIA,70,CAPS
saude_sala_situacao_2.298,298,MULTIPOINT ((197677.6334511342 8268930.737587634)),298,-47.819684,-15.639528,nao,7991436,SAMU USB Sob. II,SAMU DF USB - SOBRADINHO II,42,SAMU
saude_sala_situacao_2.299,299,MULTIPOINT ((172350.66667439463 8239490.987589108)),299,-48.059654236,-15.902136803,nao,7991509,SAMU Motol. Rec. Emas II,SAMU DF MOTOLANCIA - RECANTO DAS EMAS II,42,SAMU
saude_sala_situacao_2.300,300,MULTIPOINT ((215565.04264187085 8270720.734160036)),300,-47.652777,-15.625444,nao,7991517,SAMU Motol. Plan. I,SAMU DF MOTOLANCIA - PLANALTINA I,42,SAMU
saude_sala_situacao_2.301,301,MULTIPOINT ((166908.62724141043 8248908.339531727)),301,-48.109115601,-15.816399574,nao,7991525,SAMU Motol. Ceil. IV,SAMU DF MOTOLANCIA - CEILANDIA II,42,SAMU
saude_sala_situacao_2.302,302,MULTIPOINT ((215565.04264187085 8270720.734160036)),302,-47.652777,-15.625444,nao,7991533,SAMU Motol. Plan. II,SAMU DF MOTOLANCIA - PLANALTINA II,42,SAMU
saude_sala_situacao_2.303,303,MULTIPOINT ((176241.0503368472 8248733.36270807)),303,-48.022117615,-15.819209099,nao,7991541,SAMU Motol. Tagua. II,SAMU DF MOTOLANCIA - TAGUATINGA II,42,SAMU
saude_sala_situacao_2.304,304,MULTIPOINT ((167893.36834708677 8241305.104098152)),304,-48.100982666,-15.885167122,nao,7991568,SAMU Motol. Samab. I,SAMU DF MOTOLANCIA - SAMAMBAIA I,42,SAMU
saude_sala_situacao_2.305,305,MULTIPOINT ((167893.36834708677 8241305.104098152)),305,-48.100982666,-15.885167122,nao,7991576,SAMU Motol. Samab. II,SAMU DF MOTOLANCIA - SAMAMBAIA II,42,SAMU
saude_sala_situacao_2.306,306,MULTIPOINT ((176694.82017523557 8241513.324341608)),306,-48.018856049,-15.884449959,nao,7991584,SAMU Motol. R Fundo II,SAMU DF MOTOLANCIA - GUARA II,42,SAMU
saude_sala_situacao_2.307,307,MULTIPOINT ((170739.85044166702 8227539.124186773)),307,-48.076328,-16.009817,nao,7991592,SAMU Motol. Gama II,SAMU DF MOTOLANCIA - GAMA II,42,SAMU
saude_sala_situacao_2.308,308,MULTIPOINT ((190127.26369181962 8257379.206618229)),308,-47.8915111,-15.7429114,sim,0010723,UBS 2 Asa Norte,UBS 2 ASA NORTE,2,UBS
saude_sala_situacao_2.309,309,MULTIPOINT ((171202.25030498946 8248314.568331236)),309,-48.069161,-15.82233,sim,0010499,HRT,HRT HOSPITAL REGIONAL DE TAGUATINGA,5,Hospital
saude_sala_situacao_2.310,310,MULTIPOINT ((187359.43128801085 8255569.160279883)),310,-47.917548,-15.75891,nao,6876617,HCB,HOSPITAL DA CRIANCA DE BRASILIA JOSE ALENCAR-HCB,7,Hospital Especializado
saude_sala_situacao_2.311,311,MULTIPOINT ((188492.67157917994 8249464.351051853)),311,-47.907769,-15.814171,sim,0010596,Hospital Dia,HOSPITAL DIA,62,Hospital Dia
saude_sala_situacao_2.312,312,MULTIPOINT ((175066.2110140749 8235493.676367962)),312,-48.034864,-15.938581,sim,7526504,UBS 5 Riacho Fundo II,UBS 05 RIACHO FUNDO II - CAUB II,2,UBS
saude_sala_situacao_2.313,313,MULTIPOINT ((171675.5680054528 8227144.106942178)),313,-48.067649,-16.013508,sim,0010898,UBS 7 Gama,UBS 7 GAMA,2,UBS
saude_sala_situacao_2.314,314,MULTIPOINT ((174457.1685205112 8228061.358559)),314,-48.0415606,-16.0055971,sim,3027635,UBS 15 Gama,UBS 15 PFDF GAMA,2,UBS
saude_sala_situacao_2.315,315,MULTIPOINT ((174844.5158834827 8244816.3753957525)),315,-48.035669,-15.854389,sim,7108923,UBS 1 Águas Claras,UBS 01 AGUAS CLARAS,2,UBS
saude_sala_situacao_2.316,316,MULTIPOINT ((171437.98601035948 8242290.770671516)),316,-48.067785,-15.876741,sim,7114397,UBS 8 Samambaia,UBS 08 SAMAMBAIA,2,UBS
saude_sala_situacao_2.317,317,MULTIPOINT ((169844.87051233224 8242133.983460078)),317,-48.082666,-15.877945,sim,7299877,UBS 7 Samambaia,UBS 07 SAMAMBAIA,2,UBS
saude_sala_situacao_2.318,318,MULTIPOINT ((200407.65289343812 8268357.291990411)),318,-47.794314,-15.645032,sim,9031340,NUFIRF Sobradinho,NUFIRF SOBRADINHO,36,Centro de Especialidade
saude_sala_situacao_2.319,319,MULTIPOINT ((195771.98783212615 8269331.178167496)),319,-47.837392,-15.635683,sim,6770665,UBS 4 Sobradinho II,UBS 4 SETOR DE MANSOES SOBRADINHO II,2,UBS
saude_sala_situacao_2.320,320,MULTIPOINT ((179820.61128703202 8249782.701449824)),320,-47.988598,-15.810198,sim,0011657,UBS 4 Guará,UBS 04 GUARA - LUCIO COSTA,2,UBS
saude_sala_situacao_2.321,321,MULTIPOINT ((199115.5212084102 8238901.103195736)),321,-47.810019,-15.910858,sim,7566530,UBS 16 São Sebastião,UBS 16 PDF I SAO SEBASTIAO,2,UBS
saude_sala_situacao_2.322,322,MULTIPOINT ((180129.13548749598 8248885.027874928)),322,-47.98584,-15.818342,sim,2814897,HRGu,HRGU,5,Hospital
saude_sala_situacao_2.324,324,MULTIPOINT ((189245.62793260883 8252869.293595241)),324,-47.900309,-15.783522,nao,DIVEP,DIVEP,Diretoria de Vigilância Epidemiológica,68,ADMC
saude_sala_situacao_2.325,325,MULTIPOINT ((189245.62793260883 8252869.293595241)),325,-47.900309,-15.783522,nao,SVS,SVS,Subsecretaria de Vigilância em Saúde,68,ADMC
saude_sala_situacao_2.326,326,MULTIPOINT ((187170.8902417189 8255428.325593732)),326,-47.919324,-15.760158,nao,DIVAL,DIVAL,Diretoria de Vigilância Ambiental,68,ADMC
saude_sala_situacao_2.327,327,MULTIPOINT ((232919.988342421 8255752.014436724)),327,-47.492673,-15.762539,sim,2672227,UBS 15 Planaltina,UBS 15 RIO PRETO PLANALTINA,2,UBS
saude_sala_situacao_2.328,328,MULTIPOINT ((216927.02228960057 8269043.361124704)),328,-47.6402785,-15.6407456,sim,5050340,UBS 6 Planaltina,UBS 6 ARAPOANGA PLANALTINA,2,UBS
saude_sala_situacao_2.329,329,MULTIPOINT ((215656.7301713389 8264973.431595359)),329,-47.652592,-15.677358,sim,5050359,UBS 8 Planaltina,UBS 8 VALE DO AMANHECER PLANALTINA,2,UBS
saude_sala_situacao_2.330,330,MULTIPOINT ((166908.62724141043 8248908.339531727)),330,-48.109115601,-15.816399574,nao,7991223,SAMU USB Ceil. IV,SAMU DF USB - CEILANDIA IV,42,SAMU
saude_sala_situacao_2.331,331,MULTIPOINT ((156604.69340044184 8264497.00382587)),331,-48.202980042,-15.674291611,nao,7991231,SAMU USB Brazlandia I,SAMU DF USB - BRAZLANDIA I,42,SAMU
saude_sala_situacao_2.332,332,MULTIPOINT ((188106.2718561843 8253656.03575463)),332,-47.910831451,-15.776276588,nao,7991290,SAMU USB P. Piloto III,SAMU DF USB - PLANO PILOTO III,42,SAMU
